country;countryCode;department;province;district;geoLocation
PE;9589;Amazonas;;;010000
PE;9589;Amazonas;Chachapoyas;;010100
PE;9589;Amazonas;Chachapoyas;Chachapoyas;010101
PE;9589;Amazonas;Chachapoyas;Asunción;010102
PE;9589;Amazonas;Chachapoyas;Balsas;010103
PE;9589;Amazonas;Chachapoyas;Cheto;010104
PE;9589;Amazonas;Chachapoyas;Chiliquin;010105
PE;9589;Amazonas;Chachapoyas;Chuquibamba;010106
PE;9589;Amazonas;Chachapoyas;Granada;010107
PE;9589;Amazonas;Chachapoyas;Huancas;010108
PE;9589;Amazonas;Chachapoyas;LaJalca;010109
PE;9589;Amazonas;Chachapoyas;Leimebamba;010110
PE;9589;Amazonas;Chachapoyas;Levanto;010111
PE;9589;Amazonas;Chachapoyas;Magdalena;010112
PE;9589;Amazonas;Chachapoyas;MariscalCastilla;010113
PE;9589;Amazonas;Chachapoyas;Molinopampa;010114
PE;9589;Amazonas;Chachapoyas;Montevideo;010115
PE;9589;Amazonas;Chachapoyas;Olleros;010116
PE;9589;Amazonas;Chachapoyas;Quinjalca;010117
PE;9589;Amazonas;Chachapoyas;SanFranciscodeDaguas;010118
PE;9589;Amazonas;Chachapoyas;SanIsidrodeMaino;010119
PE;9589;Amazonas;Chachapoyas;Soloco;010120
PE;9589;Amazonas;Chachapoyas;Sonche;010121
PE;9589;Amazonas;Bagua;;010200
PE;9589;Amazonas;Bagua;Bagua;010201
PE;9589;Amazonas;Bagua;Aramango;010202
PE;9589;Amazonas;Bagua;Copallin;010203
PE;9589;Amazonas;Bagua;ElParco;010204
PE;9589;Amazonas;Bagua;Imaza;010205
PE;9589;Amazonas;Bagua;LaPeca;010206
PE;9589;Amazonas;Bongará;;010300
PE;9589;Amazonas;Bongará;Jumbilla;010301
PE;9589;Amazonas;Bongará;Chisquilla;010302
PE;9589;Amazonas;Bongará;Churuja;010303
PE;9589;Amazonas;Bongará;Corosha;010304
PE;9589;Amazonas;Bongará;Cuispes;010305
PE;9589;Amazonas;Bongará;Florida;010306
PE;9589;Amazonas;Bongará;Jazan;010307
PE;9589;Amazonas;Bongará;Recta;010308
PE;9589;Amazonas;Bongará;SanCarlos;010309
PE;9589;Amazonas;Bongará;Shipasbamba;010310
PE;9589;Amazonas;Bongará;Valera;010311
PE;9589;Amazonas;Bongará;Yambrasbamba;010312
PE;9589;Amazonas;Condorcanqui;;010400
PE;9589;Amazonas;Condorcanqui;Nieva;010401
PE;9589;Amazonas;Condorcanqui;ElCenepa;010402
PE;9589;Amazonas;Condorcanqui;RíoSantiago;010403
PE;9589;Amazonas;Luya;;010500
PE;9589;Amazonas;Luya;Lamud;010501
PE;9589;Amazonas;Luya;Camporredondo;010502
PE;9589;Amazonas;Luya;Cocabamba;010503
PE;9589;Amazonas;Luya;Colcamar;010504
PE;9589;Amazonas;Luya;Conila;010505
PE;9589;Amazonas;Luya;Inguilpata;010506
PE;9589;Amazonas;Luya;Longuita;010507
PE;9589;Amazonas;Luya;LonyaChico;010508
PE;9589;Amazonas;Luya;Luya;010509
PE;9589;Amazonas;Luya;LuyaViejo;010510
PE;9589;Amazonas;Luya;María;010511
PE;9589;Amazonas;Luya;Ocalli;010512
PE;9589;Amazonas;Luya;Ocumal;010513
PE;9589;Amazonas;Luya;Pisuquia;010514
PE;9589;Amazonas;Luya;Providencia;010515
PE;9589;Amazonas;Luya;SanCristóbal;010516
PE;9589;Amazonas;Luya;SanFranciscodeYeso;010517
PE;9589;Amazonas;Luya;SanJerónimo;010518
PE;9589;Amazonas;Luya;SanJuandeLopecancha;010519
PE;9589;Amazonas;Luya;SantaCatalina;010520
PE;9589;Amazonas;Luya;SantoTomas;010521
PE;9589;Amazonas;Luya;Tingo;010522
PE;9589;Amazonas;Luya;Trita;010523
PE;9589;Amazonas;RodríguezdeMendoza;;010600
PE;9589;Amazonas;RodríguezdeMendoza;SanNicolás;010601
PE;9589;Amazonas;RodríguezdeMendoza;Chirimoto;010602
PE;9589;Amazonas;RodríguezdeMendoza;Cochamal;010603
PE;9589;Amazonas;RodríguezdeMendoza;Huambo;010604
PE;9589;Amazonas;RodríguezdeMendoza;Limabamba;010605
PE;9589;Amazonas;RodríguezdeMendoza;Longar;010606
PE;9589;Amazonas;RodríguezdeMendoza;MariscalBenavides;010607
PE;9589;Amazonas;RodríguezdeMendoza;Milpuc;010608
PE;9589;Amazonas;RodríguezdeMendoza;Omia;010609
PE;9589;Amazonas;RodríguezdeMendoza;SantaRosa;010610
PE;9589;Amazonas;RodríguezdeMendoza;Totora;010611
PE;9589;Amazonas;RodríguezdeMendoza;VistaAlegre;010612
PE;9589;Amazonas;Utcubamba;;010700
PE;9589;Amazonas;Utcubamba;BaguaGrande;010701
PE;9589;Amazonas;Utcubamba;Cajaruro;010702
PE;9589;Amazonas;Utcubamba;Cumba;010703
PE;9589;Amazonas;Utcubamba;ElMilagro;010704
PE;9589;Amazonas;Utcubamba;Jamalca;010705
PE;9589;Amazonas;Utcubamba;LonyaGrande;010706
PE;9589;Amazonas;Utcubamba;Yamon;010707
PE;9589;Áncash;;;020000
PE;9589;Áncash;Huaraz;;020100
PE;9589;Áncash;Huaraz;Huaraz;020101
PE;9589;Áncash;Huaraz;Cochabamba;020102
PE;9589;Áncash;Huaraz;Colcabamba;020103
PE;9589;Áncash;Huaraz;Huanchay;020104
PE;9589;Áncash;Huaraz;Independencia;020105
PE;9589;Áncash;Huaraz;Jangas;020106
PE;9589;Áncash;Huaraz;LaLibertad;020107
PE;9589;Áncash;Huaraz;Olleros;020108
PE;9589;Áncash;Huaraz;PampasGrande;020109
PE;9589;Áncash;Huaraz;Pariacoto;020110
PE;9589;Áncash;Huaraz;Pira;020111
PE;9589;Áncash;Huaraz;Tarica;020112
PE;9589;Áncash;Aija;;020200
PE;9589;Áncash;Aija;Aija;020201
PE;9589;Áncash;Aija;Coris;020202
PE;9589;Áncash;Aija;Huacllan;020203
PE;9589;Áncash;Aija;LaMerced;020204
PE;9589;Áncash;Aija;Succha;020205
PE;9589;Áncash;AntonioRaymondi;;020300
PE;9589;Áncash;AntonioRaymondi;Llamellin;020301
PE;9589;Áncash;AntonioRaymondi;Aczo;020302
PE;9589;Áncash;AntonioRaymondi;Chaccho;020303
PE;9589;Áncash;AntonioRaymondi;Chingas;020304
PE;9589;Áncash;AntonioRaymondi;Mirgas;020305
PE;9589;Áncash;AntonioRaymondi;SanJuandeRontoy;020306
PE;9589;Áncash;Asunción;;020400
PE;9589;Áncash;Asunción;Chacas;020401
PE;9589;Áncash;Asunción;Acochaca;020402
PE;9589;Áncash;Bolognesi;;020500
PE;9589;Áncash;Bolognesi;Chiquian;020501
PE;9589;Áncash;Bolognesi;AbelardoPardoLezameta;020502
PE;9589;Áncash;Bolognesi;AntonioRaymondi;020503
PE;9589;Áncash;Bolognesi;Aquia;020504
PE;9589;Áncash;Bolognesi;Cajacay;020505
PE;9589;Áncash;Bolognesi;Canis;020506
PE;9589;Áncash;Bolognesi;Colquioc;020507
PE;9589;Áncash;Bolognesi;Huallanca;020508
PE;9589;Áncash;Bolognesi;Huasta;020509
PE;9589;Áncash;Bolognesi;Huayllacayan;020510
PE;9589;Áncash;Bolognesi;LaPrimavera;020511
PE;9589;Áncash;Bolognesi;Mangas;020512
PE;9589;Áncash;Bolognesi;Pacllon;020513
PE;9589;Áncash;Bolognesi;SanMigueldeCorpanqui;020514
PE;9589;Áncash;Bolognesi;Ticllos;020515
PE;9589;Áncash;Carhuaz;;020600
PE;9589;Áncash;Carhuaz;Carhuaz;020601
PE;9589;Áncash;Carhuaz;Acopampa;020602
PE;9589;Áncash;Carhuaz;Amashca;020603
PE;9589;Áncash;Carhuaz;Anta;020604
PE;9589;Áncash;Carhuaz;Ataquero;020605
PE;9589;Áncash;Carhuaz;Marcara;020606
PE;9589;Áncash;Carhuaz;Pariahuanca;020607
PE;9589;Áncash;Carhuaz;SanMigueldeAco;020608
PE;9589;Áncash;Carhuaz;Shilla;020609
PE;9589;Áncash;Carhuaz;Tinco;020610
PE;9589;Áncash;Carhuaz;Yungar;020611
PE;9589;Áncash;CarlosFermínFitzcarrald;;020700
PE;9589;Áncash;CarlosFermínFitzcarrald;SanLuis;020701
PE;9589;Áncash;CarlosFermínFitzcarrald;SanNicolás;020702
PE;9589;Áncash;CarlosFermínFitzcarrald;Yauya;020703
PE;9589;Áncash;Casma;;020800
PE;9589;Áncash;Casma;Casma;020801
PE;9589;Áncash;Casma;BuenaVistaAlta;020802
PE;9589;Áncash;Casma;ComandanteNoel;020803
PE;9589;Áncash;Casma;Yautan;020804
PE;9589;Áncash;Corongo;;020900
PE;9589;Áncash;Corongo;Corongo;020901
PE;9589;Áncash;Corongo;Aco;020902
PE;9589;Áncash;Corongo;Bambas;020903
PE;9589;Áncash;Corongo;Cusca;020904
PE;9589;Áncash;Corongo;LaPampa;020905
PE;9589;Áncash;Corongo;Yanac;020906
PE;9589;Áncash;Corongo;Yupan;020907
PE;9589;Áncash;Huari;;021000
PE;9589;Áncash;Huari;Huari;021001
PE;9589;Áncash;Huari;Anra;021002
PE;9589;Áncash;Huari;Cajay;021003
PE;9589;Áncash;Huari;ChavindeHuantar;021004
PE;9589;Áncash;Huari;Huacachi;021005
PE;9589;Áncash;Huari;Huacchis;021006
PE;9589;Áncash;Huari;Huachis;021007
PE;9589;Áncash;Huari;Huantar;021008
PE;9589;Áncash;Huari;Masin;021009
PE;9589;Áncash;Huari;Paucas;021010
PE;9589;Áncash;Huari;Ponto;021011
PE;9589;Áncash;Huari;Rahuapampa;021012
PE;9589;Áncash;Huari;Rapayan;021013
PE;9589;Áncash;Huari;SanMarcos;021014
PE;9589;Áncash;Huari;SanPedrodeChana;021015
PE;9589;Áncash;Huari;Uco;021016
PE;9589;Áncash;Huarmey;;021100
PE;9589;Áncash;Huarmey;Huarmey;021101
PE;9589;Áncash;Huarmey;Cochapeti;021102
PE;9589;Áncash;Huarmey;Culebras;021103
PE;9589;Áncash;Huarmey;Huayan;021104
PE;9589;Áncash;Huarmey;Malvas;021105
PE;9589;Áncash;Huaylas;;021200
PE;9589;Áncash;Huaylas;Caraz;021201
PE;9589;Áncash;Huaylas;Huallanca;021202
PE;9589;Áncash;Huaylas;Huata;021203
PE;9589;Áncash;Huaylas;Huaylas;021204
PE;9589;Áncash;Huaylas;Mato;021205
PE;9589;Áncash;Huaylas;Pamparomas;021206
PE;9589;Áncash;Huaylas;PuebloLibre;021207
PE;9589;Áncash;Huaylas;SantaCruz;021208
PE;9589;Áncash;Huaylas;SantoToribio;021209
PE;9589;Áncash;Huaylas;Yuracmarca;021210
PE;9589;Áncash;MariscalLuzuriaga;;021300
PE;9589;Áncash;MariscalLuzuriaga;Piscobamba;021301
PE;9589;Áncash;MariscalLuzuriaga;Casca;021302
PE;9589;Áncash;MariscalLuzuriaga;EleazarGuzmánBarron;021303
PE;9589;Áncash;MariscalLuzuriaga;FidelOlivasEscudero;021304
PE;9589;Áncash;MariscalLuzuriaga;Llama;021305
PE;9589;Áncash;MariscalLuzuriaga;Llumpa;021306
PE;9589;Áncash;MariscalLuzuriaga;Lucma;021307
PE;9589;Áncash;MariscalLuzuriaga;Musga;021308
PE;9589;Áncash;Ocros;;021400
PE;9589;Áncash;Ocros;Ocros;021401
PE;9589;Áncash;Ocros;Acas;021402
PE;9589;Áncash;Ocros;Cajamarquilla;021403
PE;9589;Áncash;Ocros;Carhuapampa;021404
PE;9589;Áncash;Ocros;Cochas;021405
PE;9589;Áncash;Ocros;Congas;021406
PE;9589;Áncash;Ocros;Llipa;021407
PE;9589;Áncash;Ocros;SanCristóbaldeRajan;021408
PE;9589;Áncash;Ocros;SanPedro;021409
PE;9589;Áncash;Ocros;SantiagodeChilcas;021410
PE;9589;Áncash;Pallasca;;021500
PE;9589;Áncash;Pallasca;Cabana;021501
PE;9589;Áncash;Pallasca;Bolognesi;021502
PE;9589;Áncash;Pallasca;Conchucos;021503
PE;9589;Áncash;Pallasca;Huacaschuque;021504
PE;9589;Áncash;Pallasca;Huandoval;021505
PE;9589;Áncash;Pallasca;Lacabamba;021506
PE;9589;Áncash;Pallasca;Llapo;021507
PE;9589;Áncash;Pallasca;Pallasca;021508
PE;9589;Áncash;Pallasca;Pampas;021509
PE;9589;Áncash;Pallasca;SantaRosa;021510
PE;9589;Áncash;Pallasca;Tauca;021511
PE;9589;Áncash;Pomabamba;;021600
PE;9589;Áncash;Pomabamba;Pomabamba;021601
PE;9589;Áncash;Pomabamba;Huayllan;021602
PE;9589;Áncash;Pomabamba;Parobamba;021603
PE;9589;Áncash;Pomabamba;Quinuabamba;021604
PE;9589;Áncash;Recuay;;021700
PE;9589;Áncash;Recuay;Recuay;021701
PE;9589;Áncash;Recuay;Catac;021702
PE;9589;Áncash;Recuay;Cotaparaco;021703
PE;9589;Áncash;Recuay;Huayllapampa;021704
PE;9589;Áncash;Recuay;Llacllin;021705
PE;9589;Áncash;Recuay;Marca;021706
PE;9589;Áncash;Recuay;PampasChico;021707
PE;9589;Áncash;Recuay;Pararin;021708
PE;9589;Áncash;Recuay;Tapacocha;021709
PE;9589;Áncash;Recuay;Ticapampa;021710
PE;9589;Áncash;Santa;;021800
PE;9589;Áncash;Santa;Chimbote;021801
PE;9589;Áncash;Santa;CáceresdelPerú;021802
PE;9589;Áncash;Santa;Coishco;021803
PE;9589;Áncash;Santa;Macate;021804
PE;9589;Áncash;Santa;Moro;021805
PE;9589;Áncash;Santa;Nepeña;021806
PE;9589;Áncash;Santa;Samanco;021807
PE;9589;Áncash;Santa;Santa;021808
PE;9589;Áncash;Santa;NuevoChimbote;021809
PE;9589;Áncash;Sihuas;;021900
PE;9589;Áncash;Sihuas;Sihuas;021901
PE;9589;Áncash;Sihuas;Acobamba;021902
PE;9589;Áncash;Sihuas;AlfonsoUgarte;021903
PE;9589;Áncash;Sihuas;Cashapampa;021904
PE;9589;Áncash;Sihuas;Chingalpo;021905
PE;9589;Áncash;Sihuas;Huayllabamba;021906
PE;9589;Áncash;Sihuas;Quiches;021907
PE;9589;Áncash;Sihuas;Ragash;021908
PE;9589;Áncash;Sihuas;SanJuan;021909
PE;9589;Áncash;Sihuas;Sicsibamba;021910
PE;9589;Áncash;Yungay;;022000
PE;9589;Áncash;Yungay;Yungay;022001
PE;9589;Áncash;Yungay;Cascapara;022002
PE;9589;Áncash;Yungay;Mancos;022003
PE;9589;Áncash;Yungay;Matacoto;022004
PE;9589;Áncash;Yungay;Quillo;022005
PE;9589;Áncash;Yungay;Ranrahirca;022006
PE;9589;Áncash;Yungay;Shupluy;022007
PE;9589;Áncash;Yungay;Yanama;022008
PE;9589;Apurímac;;;030000
PE;9589;Apurímac;Abancay;;030100
PE;9589;Apurímac;Abancay;Abancay;030101
PE;9589;Apurímac;Abancay;Chacoche;030102
PE;9589;Apurímac;Abancay;Circa;030103
PE;9589;Apurímac;Abancay;Curahuasi;030104
PE;9589;Apurímac;Abancay;Huanipaca;030105
PE;9589;Apurímac;Abancay;Lambrama;030106
PE;9589;Apurímac;Abancay;Pichirhua;030107
PE;9589;Apurímac;Abancay;SanPedrodeCachora;030108
PE;9589;Apurímac;Abancay;Tamburco;030109
PE;9589;Apurímac;Andahuaylas;;030200
PE;9589;Apurímac;Andahuaylas;Andahuaylas;030201
PE;9589;Apurímac;Andahuaylas;Andarapa;030202
PE;9589;Apurímac;Andahuaylas;Chiara;030203
PE;9589;Apurímac;Andahuaylas;Huancarama;030204
PE;9589;Apurímac;Andahuaylas;Huancaray;030205
PE;9589;Apurímac;Andahuaylas;Huayana;030206
PE;9589;Apurímac;Andahuaylas;Kishuara;030207
PE;9589;Apurímac;Andahuaylas;Pacobamba;030208
PE;9589;Apurímac;Andahuaylas;Pacucha;030209
PE;9589;Apurímac;Andahuaylas;Pampachiri;030210
PE;9589;Apurímac;Andahuaylas;Pomacocha;030211
PE;9589;Apurímac;Andahuaylas;SanAntoniodeCachi;030212
PE;9589;Apurímac;Andahuaylas;SanJerónimo;030213
PE;9589;Apurímac;Andahuaylas;SanMigueldeChaccrampa;030214
PE;9589;Apurímac;Andahuaylas;SantaMaríadeChicmo;030215
PE;9589;Apurímac;Andahuaylas;Talavera;030216
PE;9589;Apurímac;Andahuaylas;TumayHuaraca;030217
PE;9589;Apurímac;Andahuaylas;Turpo;030218
PE;9589;Apurímac;Andahuaylas;Kaquiabamba;030219
PE;9589;Apurímac;Andahuaylas;JoséMaríaArguedas;030220
PE;9589;Apurímac;Antabamba;;030300
PE;9589;Apurímac;Antabamba;Antabamba;030301
PE;9589;Apurímac;Antabamba;ElOro;030302
PE;9589;Apurímac;Antabamba;Huaquirca;030303
PE;9589;Apurímac;Antabamba;JuanEspinozaMedrano;030304
PE;9589;Apurímac;Antabamba;Oropesa;030305
PE;9589;Apurímac;Antabamba;Pachaconas;030306
PE;9589;Apurímac;Antabamba;Sabaino;030307
PE;9589;Apurímac;Aymaraes;;030400
PE;9589;Apurímac;Aymaraes;Chalhuanca;030401
PE;9589;Apurímac;Aymaraes;Capaya;030402
PE;9589;Apurímac;Aymaraes;Caraybamba;030403
PE;9589;Apurímac;Aymaraes;Chapimarca;030404
PE;9589;Apurímac;Aymaraes;Colcabamba;030405
PE;9589;Apurímac;Aymaraes;Cotaruse;030406
PE;9589;Apurímac;Aymaraes;Huayllo;030407
PE;9589;Apurímac;Aymaraes;JustoApuSahuaraura;030408
PE;9589;Apurímac;Aymaraes;Lucre;030409
PE;9589;Apurímac;Aymaraes;Pocohuanca;030410
PE;9589;Apurímac;Aymaraes;SanJuandeChacña;030411
PE;9589;Apurímac;Aymaraes;Sañayca;030412
PE;9589;Apurímac;Aymaraes;Soraya;030413
PE;9589;Apurímac;Aymaraes;Tapairihua;030414
PE;9589;Apurímac;Aymaraes;Tintay;030415
PE;9589;Apurímac;Aymaraes;Toraya;030416
PE;9589;Apurímac;Aymaraes;Yanaca;030417
PE;9589;Apurímac;Cotabambas;;030500
PE;9589;Apurímac;Cotabambas;Tambobamba;030501
PE;9589;Apurímac;Cotabambas;Cotabambas;030502
PE;9589;Apurímac;Cotabambas;Coyllurqui;030503
PE;9589;Apurímac;Cotabambas;Haquira;030504
PE;9589;Apurímac;Cotabambas;Mara;030505
PE;9589;Apurímac;Cotabambas;Challhuahuacho;030506
PE;9589;Apurímac;Chincheros;;030600
PE;9589;Apurímac;Chincheros;Chincheros;030601
PE;9589;Apurímac;Chincheros;Anco_Huallo;030602
PE;9589;Apurímac;Chincheros;Cocharcas;030603
PE;9589;Apurímac;Chincheros;Huaccana;030604
PE;9589;Apurímac;Chincheros;Ocobamba;030605
PE;9589;Apurímac;Chincheros;Ongoy;030606
PE;9589;Apurímac;Chincheros;Uranmarca;030607
PE;9589;Apurímac;Chincheros;Ranracancha;030608
PE;9589;Apurímac;Grau;;030700
PE;9589;Apurímac;Grau;Chuquibambilla;030701
PE;9589;Apurímac;Grau;Curpahuasi;030702
PE;9589;Apurímac;Grau;Gamarra;030703
PE;9589;Apurímac;Grau;Huayllati;030704
PE;9589;Apurímac;Grau;Mamara;030705
PE;9589;Apurímac;Grau;MicaelaBastidas;030706
PE;9589;Apurímac;Grau;Pataypampa;030707
PE;9589;Apurímac;Grau;Progreso;030708
PE;9589;Apurímac;Grau;SanAntonio;030709
PE;9589;Apurímac;Grau;SantaRosa;030710
PE;9589;Apurímac;Grau;Turpay;030711
PE;9589;Apurímac;Grau;Vilcabamba;030712
PE;9589;Apurímac;Grau;Virundo;030713
PE;9589;Apurímac;Grau;Curasco;030714
PE;9589;Arequipa;;;040000
PE;9589;Arequipa;Arequipa;;040100
PE;9589;Arequipa;Arequipa;Arequipa;040101
PE;9589;Arequipa;Arequipa;AltoSelvaAlegre;040102
PE;9589;Arequipa;Arequipa;Cayma;040103
PE;9589;Arequipa;Arequipa;CerroColorado;040104
PE;9589;Arequipa;Arequipa;Characato;040105
PE;9589;Arequipa;Arequipa;Chiguata;040106
PE;9589;Arequipa;Arequipa;JacoboHunter;040107
PE;9589;Arequipa;Arequipa;LaJoya;040108
PE;9589;Arequipa;Arequipa;MarianoMelgar;040109
PE;9589;Arequipa;Arequipa;Miraflores;040110
PE;9589;Arequipa;Arequipa;Mollebaya;040111
PE;9589;Arequipa;Arequipa;Paucarpata;040112
PE;9589;Arequipa;Arequipa;Pocsi;040113
PE;9589;Arequipa;Arequipa;Polobaya;040114
PE;9589;Arequipa;Arequipa;Quequeña;040115
PE;9589;Arequipa;Arequipa;Sabandia;040116
PE;9589;Arequipa;Arequipa;Sachaca;040117
PE;9589;Arequipa;Arequipa;SanJuandeSiguas;040118
PE;9589;Arequipa;Arequipa;SanJuandeTarucani;040119
PE;9589;Arequipa;Arequipa;SantaIsabeldeSiguas;040120
PE;9589;Arequipa;Arequipa;SantaRitadeSiguas;040121
PE;9589;Arequipa;Arequipa;Socabaya;040122
PE;9589;Arequipa;Arequipa;Tiabaya;040123
PE;9589;Arequipa;Arequipa;Uchumayo;040124
PE;9589;Arequipa;Arequipa;Vitor;040125
PE;9589;Arequipa;Arequipa;Yanahuara;040126
PE;9589;Arequipa;Arequipa;Yarabamba;040127
PE;9589;Arequipa;Arequipa;Yura;040128
PE;9589;Arequipa;Arequipa;JoséLuisBustamanteYRivero;040129
PE;9589;Arequipa;Camaná;;040200
PE;9589;Arequipa;Camaná;Camaná;040201
PE;9589;Arequipa;Camaná;JoséMaríaQuimper;040202
PE;9589;Arequipa;Camaná;MarianoNicolásValcárcel;040203
PE;9589;Arequipa;Camaná;MariscalCáceres;040204
PE;9589;Arequipa;Camaná;NicolásdePierola;040205
PE;9589;Arequipa;Camaná;Ocoña;040206
PE;9589;Arequipa;Camaná;Quilca;040207
PE;9589;Arequipa;Camaná;SamuelPastor;040208
PE;9589;Arequipa;Caravelí;;040300
PE;9589;Arequipa;Caravelí;Caravelí;040301
PE;9589;Arequipa;Caravelí;Acarí;040302
PE;9589;Arequipa;Caravelí;Atico;040303
PE;9589;Arequipa;Caravelí;Atiquipa;040304
PE;9589;Arequipa;Caravelí;BellaUnión;040305
PE;9589;Arequipa;Caravelí;Cahuacho;040306
PE;9589;Arequipa;Caravelí;Chala;040307
PE;9589;Arequipa;Caravelí;Chaparra;040308
PE;9589;Arequipa;Caravelí;Huanuhuanu;040309
PE;9589;Arequipa;Caravelí;Jaqui;040310
PE;9589;Arequipa;Caravelí;Lomas;040311
PE;9589;Arequipa;Caravelí;Quicacha;040312
PE;9589;Arequipa;Caravelí;Yauca;040313
PE;9589;Arequipa;Castilla;;040400
PE;9589;Arequipa;Castilla;Aplao;040401
PE;9589;Arequipa;Castilla;Andagua;040402
PE;9589;Arequipa;Castilla;Ayo;040403
PE;9589;Arequipa;Castilla;Chachas;040404
PE;9589;Arequipa;Castilla;Chilcaymarca;040405
PE;9589;Arequipa;Castilla;Choco;040406
PE;9589;Arequipa;Castilla;Huancarqui;040407
PE;9589;Arequipa;Castilla;Machaguay;040408
PE;9589;Arequipa;Castilla;Orcopampa;040409
PE;9589;Arequipa;Castilla;Pampacolca;040410
PE;9589;Arequipa;Castilla;Tipan;040411
PE;9589;Arequipa;Castilla;Uñon;040412
PE;9589;Arequipa;Castilla;Uraca;040413
PE;9589;Arequipa;Castilla;Viraco;040414
PE;9589;Arequipa;Caylloma;;040500
PE;9589;Arequipa;Caylloma;Chivay;040501
PE;9589;Arequipa;Caylloma;Achoma;040502
PE;9589;Arequipa;Caylloma;Cabanaconde;040503
PE;9589;Arequipa;Caylloma;Callalli;040504
PE;9589;Arequipa;Caylloma;Caylloma;040505
PE;9589;Arequipa;Caylloma;Coporaque;040506
PE;9589;Arequipa;Caylloma;Huambo;040507
PE;9589;Arequipa;Caylloma;Huanca;040508
PE;9589;Arequipa;Caylloma;Ichupampa;040509
PE;9589;Arequipa;Caylloma;Lari;040510
PE;9589;Arequipa;Caylloma;Lluta;040511
PE;9589;Arequipa;Caylloma;Maca;040512
PE;9589;Arequipa;Caylloma;Madrigal;040513
PE;9589;Arequipa;Caylloma;SanAntoniodeChuca;040514
PE;9589;Arequipa;Caylloma;Sibayo;040515
PE;9589;Arequipa;Caylloma;Tapay;040516
PE;9589;Arequipa;Caylloma;Tisco;040517
PE;9589;Arequipa;Caylloma;Tuti;040518
PE;9589;Arequipa;Caylloma;Yanque;040519
PE;9589;Arequipa;Caylloma;Majes;040520
PE;9589;Arequipa;Condesuyos;;040600
PE;9589;Arequipa;Condesuyos;Chuquibamba;040601
PE;9589;Arequipa;Condesuyos;Andaray;040602
PE;9589;Arequipa;Condesuyos;Cayarani;040603
PE;9589;Arequipa;Condesuyos;Chichas;040604
PE;9589;Arequipa;Condesuyos;Iray;040605
PE;9589;Arequipa;Condesuyos;RíoGrande;040606
PE;9589;Arequipa;Condesuyos;Salamanca;040607
PE;9589;Arequipa;Condesuyos;Yanaquihua;040608
PE;9589;Arequipa;Islay;;040700
PE;9589;Arequipa;Islay;Mollendo;040701
PE;9589;Arequipa;Islay;Cocachacra;040702
PE;9589;Arequipa;Islay;DeanValdivia;040703
PE;9589;Arequipa;Islay;Islay;040704
PE;9589;Arequipa;Islay;Mejia;040705
PE;9589;Arequipa;Islay;PuntadeBombón;040706
PE;9589;Arequipa;LaUniòn;;040800
PE;9589;Arequipa;LaUniòn;Cotahuasi;040801
PE;9589;Arequipa;LaUniòn;Alca;040802
PE;9589;Arequipa;LaUniòn;Charcana;040803
PE;9589;Arequipa;LaUniòn;Huaynacotas;040804
PE;9589;Arequipa;LaUniòn;Pampamarca;040805
PE;9589;Arequipa;LaUniòn;Puyca;040806
PE;9589;Arequipa;LaUniòn;Quechualla;040807
PE;9589;Arequipa;LaUniòn;Sayla;040808
PE;9589;Arequipa;LaUniòn;Tauria;040809
PE;9589;Arequipa;LaUniòn;Tomepampa;040810
PE;9589;Arequipa;LaUniòn;Toro;040811
PE;9589;Ayacucho;;;050000
PE;9589;Ayacucho;Huamanga;;050100
PE;9589;Ayacucho;Huamanga;Ayacucho;050101
PE;9589;Ayacucho;Huamanga;Acocro;050102
PE;9589;Ayacucho;Huamanga;AcosVinchos;050103
PE;9589;Ayacucho;Huamanga;CarmenAlto;050104
PE;9589;Ayacucho;Huamanga;Chiara;050105
PE;9589;Ayacucho;Huamanga;Ocros;050106
PE;9589;Ayacucho;Huamanga;Pacaycasa;050107
PE;9589;Ayacucho;Huamanga;Quinua;050108
PE;9589;Ayacucho;Huamanga;SanJosédeTicllas;050109
PE;9589;Ayacucho;Huamanga;SanJuanBautista;050110
PE;9589;Ayacucho;Huamanga;SantiagodePischa;050111
PE;9589;Ayacucho;Huamanga;Socos;050112
PE;9589;Ayacucho;Huamanga;Tambillo;050113
PE;9589;Ayacucho;Huamanga;Vinchos;050114
PE;9589;Ayacucho;Huamanga;JesúsNazareno;050115
PE;9589;Ayacucho;Huamanga;AndrésAvelinoCáceresDorregaray;050116
PE;9589;Ayacucho;Cangallo;;050200
PE;9589;Ayacucho;Cangallo;Cangallo;050201
PE;9589;Ayacucho;Cangallo;Chuschi;050202
PE;9589;Ayacucho;Cangallo;LosMorochucos;050203
PE;9589;Ayacucho;Cangallo;MaríaParadodeBellido;050204
PE;9589;Ayacucho;Cangallo;Paras;050205
PE;9589;Ayacucho;Cangallo;Totos;050206
PE;9589;Ayacucho;HuancaSancos;;050300
PE;9589;Ayacucho;HuancaSancos;Sancos;050301
PE;9589;Ayacucho;HuancaSancos;Carapo;050302
PE;9589;Ayacucho;HuancaSancos;Sacsamarca;050303
PE;9589;Ayacucho;HuancaSancos;SantiagodeLucanamarca;050304
PE;9589;Ayacucho;Huanta;;050400
PE;9589;Ayacucho;Huanta;Huanta;050401
PE;9589;Ayacucho;Huanta;Ayahuanco;050402
PE;9589;Ayacucho;Huanta;Huamanguilla;050403
PE;9589;Ayacucho;Huanta;Iguain;050404
PE;9589;Ayacucho;Huanta;Luricocha;050405
PE;9589;Ayacucho;Huanta;Santillana;050406
PE;9589;Ayacucho;Huanta;Sivia;050407
PE;9589;Ayacucho;Huanta;Llochegua;050408
PE;9589;Ayacucho;Huanta;Canayre;050409
PE;9589;Ayacucho;Huanta;Uchuraccay;050410
PE;9589;Ayacucho;Huanta;Pucacolpa;050411
PE;9589;Ayacucho;LaMar;;050500
PE;9589;Ayacucho;LaMar;SanMiguel;050501
PE;9589;Ayacucho;LaMar;Anco;050502
PE;9589;Ayacucho;LaMar;Ayna;050503
PE;9589;Ayacucho;LaMar;Chilcas;050504
PE;9589;Ayacucho;LaMar;Chungui;050505
PE;9589;Ayacucho;LaMar;LuisCarranza;050506
PE;9589;Ayacucho;LaMar;SantaRosa;050507
PE;9589;Ayacucho;LaMar;Tambo;050508
PE;9589;Ayacucho;LaMar;Samugari;050509
PE;9589;Ayacucho;LaMar;Anchihuay;050510
PE;9589;Ayacucho;Lucanas;;050600
PE;9589;Ayacucho;Lucanas;Puquio;050601
PE;9589;Ayacucho;Lucanas;Aucara;050602
PE;9589;Ayacucho;Lucanas;Cabana;050603
PE;9589;Ayacucho;Lucanas;CarmenSalcedo;050604
PE;9589;Ayacucho;Lucanas;Chaviña;050605
PE;9589;Ayacucho;Lucanas;Chipao;050606
PE;9589;Ayacucho;Lucanas;Huac-Huas;050607
PE;9589;Ayacucho;Lucanas;Laramate;050608
PE;9589;Ayacucho;Lucanas;LeoncioPrado;050609
PE;9589;Ayacucho;Lucanas;Llauta;050610
PE;9589;Ayacucho;Lucanas;Lucanas;050611
PE;9589;Ayacucho;Lucanas;Ocaña;050612
PE;9589;Ayacucho;Lucanas;Otoca;050613
PE;9589;Ayacucho;Lucanas;Saisa;050614
PE;9589;Ayacucho;Lucanas;SanCristóbal;050615
PE;9589;Ayacucho;Lucanas;SanJuan;050616
PE;9589;Ayacucho;Lucanas;SanPedro;050617
PE;9589;Ayacucho;Lucanas;SanPedrodePalco;050618
PE;9589;Ayacucho;Lucanas;Sancos;050619
PE;9589;Ayacucho;Lucanas;SantaAnadeHuaycahuacho;050620
PE;9589;Ayacucho;Lucanas;SantaLucia;050621
PE;9589;Ayacucho;Parinacochas;;050700
PE;9589;Ayacucho;Parinacochas;Coracora;050701
PE;9589;Ayacucho;Parinacochas;Chumpi;050702
PE;9589;Ayacucho;Parinacochas;CoronelCastañeda;050703
PE;9589;Ayacucho;Parinacochas;Pacapausa;050704
PE;9589;Ayacucho;Parinacochas;Pullo;050705
PE;9589;Ayacucho;Parinacochas;Puyusca;050706
PE;9589;Ayacucho;Parinacochas;SanFranciscodeRavacayco;050707
PE;9589;Ayacucho;Parinacochas;Upahuacho;050708
PE;9589;Ayacucho;PàucardelSaraSara;;050800
PE;9589;Ayacucho;PàucardelSaraSara;Pausa;050801
PE;9589;Ayacucho;PàucardelSaraSara;Colta;050802
PE;9589;Ayacucho;PàucardelSaraSara;Corculla;050803
PE;9589;Ayacucho;PàucardelSaraSara;Lampa;050804
PE;9589;Ayacucho;PàucardelSaraSara;Marcabamba;050805
PE;9589;Ayacucho;PàucardelSaraSara;Oyolo;050806
PE;9589;Ayacucho;PàucardelSaraSara;Pararca;050807
PE;9589;Ayacucho;PàucardelSaraSara;SanJavierdeAlpabamba;050808
PE;9589;Ayacucho;PàucardelSaraSara;SanJosédeUshua;050809
PE;9589;Ayacucho;PàucardelSaraSara;SaraSara;050810
PE;9589;Ayacucho;Sucre;;050900
PE;9589;Ayacucho;Sucre;Querobamba;050901
PE;9589;Ayacucho;Sucre;Belén;050902
PE;9589;Ayacucho;Sucre;Chalcos;050903
PE;9589;Ayacucho;Sucre;Chilcayoc;050904
PE;9589;Ayacucho;Sucre;Huacaña;050905
PE;9589;Ayacucho;Sucre;Morcolla;050906
PE;9589;Ayacucho;Sucre;Paico;050907
PE;9589;Ayacucho;Sucre;SanPedrodeLarcay;050908
PE;9589;Ayacucho;Sucre;SanSalvadordeQuije;050909
PE;9589;Ayacucho;Sucre;SantiagodePaucaray;050910
PE;9589;Ayacucho;Sucre;Soras;050911
PE;9589;Ayacucho;VíctorFajardo;;051000
PE;9589;Ayacucho;VíctorFajardo;Huancapi;051001
PE;9589;Ayacucho;VíctorFajardo;Alcamenca;051002
PE;9589;Ayacucho;VíctorFajardo;Apongo;051003
PE;9589;Ayacucho;VíctorFajardo;Asquipata;051004
PE;9589;Ayacucho;VíctorFajardo;Canaria;051005
PE;9589;Ayacucho;VíctorFajardo;Cayara;051006
PE;9589;Ayacucho;VíctorFajardo;Colca;051007
PE;9589;Ayacucho;VíctorFajardo;Huamanquiquia;051008
PE;9589;Ayacucho;VíctorFajardo;Huancaraylla;051009
PE;9589;Ayacucho;VíctorFajardo;Huaya;051010
PE;9589;Ayacucho;VíctorFajardo;Sarhua;051011
PE;9589;Ayacucho;VíctorFajardo;Vilcanchos;051012
PE;9589;Ayacucho;VilcasHuamán;;051100
PE;9589;Ayacucho;VilcasHuamán;VilcasHuaman;051101
PE;9589;Ayacucho;VilcasHuamán;Accomarca;051102
PE;9589;Ayacucho;VilcasHuamán;Carhuanca;051103
PE;9589;Ayacucho;VilcasHuamán;Concepción;051104
PE;9589;Ayacucho;VilcasHuamán;Huambalpa;051105
PE;9589;Ayacucho;VilcasHuamán;Independencia;051106
PE;9589;Ayacucho;VilcasHuamán;Saurama;051107
PE;9589;Ayacucho;VilcasHuamán;Vischongo;051108
PE;9589;Cajamarca;;;060000
PE;9589;Cajamarca;Cajamarca;;060100
PE;9589;Cajamarca;Cajamarca;Cajamarca;060101
PE;9589;Cajamarca;Cajamarca;Asunción;060102
PE;9589;Cajamarca;Cajamarca;Chetilla;060103
PE;9589;Cajamarca;Cajamarca;Cospan;060104
PE;9589;Cajamarca;Cajamarca;Encañada;060105
PE;9589;Cajamarca;Cajamarca;Jesús;060106
PE;9589;Cajamarca;Cajamarca;Llacanora;060107
PE;9589;Cajamarca;Cajamarca;LosBañosdelInca;060108
PE;9589;Cajamarca;Cajamarca;Magdalena;060109
PE;9589;Cajamarca;Cajamarca;Matara;060110
PE;9589;Cajamarca;Cajamarca;Namora;060111
PE;9589;Cajamarca;Cajamarca;SanJuan;060112
PE;9589;Cajamarca;Cajabamba;;060200
PE;9589;Cajamarca;Cajabamba;Cajabamba;060201
PE;9589;Cajamarca;Cajabamba;Cachachi;060202
PE;9589;Cajamarca;Cajabamba;Condebamba;060203
PE;9589;Cajamarca;Cajabamba;Sitacocha;060204
PE;9589;Cajamarca;Celendín;;060300
PE;9589;Cajamarca;Celendín;Celendín;060301
PE;9589;Cajamarca;Celendín;Chumuch;060302
PE;9589;Cajamarca;Celendín;Cortegana;060303
PE;9589;Cajamarca;Celendín;Huasmin;060304
PE;9589;Cajamarca;Celendín;JorgeChávez;060305
PE;9589;Cajamarca;Celendín;JoséGálvez;060306
PE;9589;Cajamarca;Celendín;MiguelIglesias;060307
PE;9589;Cajamarca;Celendín;Oxamarca;060308
PE;9589;Cajamarca;Celendín;Sorochuco;060309
PE;9589;Cajamarca;Celendín;Sucre;060310
PE;9589;Cajamarca;Celendín;Utco;060311
PE;9589;Cajamarca;Celendín;LaLibertaddePallan;060312
PE;9589;Cajamarca;Chota;;060400
PE;9589;Cajamarca;Chota;Chota;060401
PE;9589;Cajamarca;Chota;Anguia;060402
PE;9589;Cajamarca;Chota;Chadin;060403
PE;9589;Cajamarca;Chota;Chiguirip;060404
PE;9589;Cajamarca;Chota;Chimban;060405
PE;9589;Cajamarca;Chota;Choropampa;060406
PE;9589;Cajamarca;Chota;Cochabamba;060407
PE;9589;Cajamarca;Chota;Conchan;060408
PE;9589;Cajamarca;Chota;Huambos;060409
PE;9589;Cajamarca;Chota;Lajas;060410
PE;9589;Cajamarca;Chota;Llama;060411
PE;9589;Cajamarca;Chota;Miracosta;060412
PE;9589;Cajamarca;Chota;Paccha;060413
PE;9589;Cajamarca;Chota;Pion;060414
PE;9589;Cajamarca;Chota;Querocoto;060415
PE;9589;Cajamarca;Chota;SanJuandeLicupis;060416
PE;9589;Cajamarca;Chota;Tacabamba;060417
PE;9589;Cajamarca;Chota;Tocmoche;060418
PE;9589;Cajamarca;Chota;Chalamarca;060419
PE;9589;Cajamarca;Contumazá;;060500
PE;9589;Cajamarca;Contumazá;Contumaza;060501
PE;9589;Cajamarca;Contumazá;Chilete;060502
PE;9589;Cajamarca;Contumazá;Cupisnique;060503
PE;9589;Cajamarca;Contumazá;Guzmango;060504
PE;9589;Cajamarca;Contumazá;SanBenito;060505
PE;9589;Cajamarca;Contumazá;SantaCruzdeToledo;060506
PE;9589;Cajamarca;Contumazá;Tantarica;060507
PE;9589;Cajamarca;Contumazá;Yonan;060508
PE;9589;Cajamarca;Cutervo;;060600
PE;9589;Cajamarca;Cutervo;Cutervo;060601
PE;9589;Cajamarca;Cutervo;Callayuc;060602
PE;9589;Cajamarca;Cutervo;Choros;060603
PE;9589;Cajamarca;Cutervo;Cujillo;060604
PE;9589;Cajamarca;Cutervo;LaRamada;060605
PE;9589;Cajamarca;Cutervo;Pimpingos;060606
PE;9589;Cajamarca;Cutervo;Querocotillo;060607
PE;9589;Cajamarca;Cutervo;SanAndrésdeCutervo;060608
PE;9589;Cajamarca;Cutervo;SanJuandeCutervo;060609
PE;9589;Cajamarca;Cutervo;SanLuisdeLucma;060610
PE;9589;Cajamarca;Cutervo;SantaCruz;060611
PE;9589;Cajamarca;Cutervo;SantoDomingodelaCapilla;060612
PE;9589;Cajamarca;Cutervo;SantoTomas;060613
PE;9589;Cajamarca;Cutervo;Socota;060614
PE;9589;Cajamarca;Cutervo;ToribioCasanova;060615
PE;9589;Cajamarca;Hualgayoc;;060700
PE;9589;Cajamarca;Hualgayoc;Bambamarca;060701
PE;9589;Cajamarca;Hualgayoc;Chugur;060702
PE;9589;Cajamarca;Hualgayoc;Hualgayoc;060703
PE;9589;Cajamarca;Jaén;;060800
PE;9589;Cajamarca;Jaén;Jaén;060801
PE;9589;Cajamarca;Jaén;Bellavista;060802
PE;9589;Cajamarca;Jaén;Chontali;060803
PE;9589;Cajamarca;Jaén;Colasay;060804
PE;9589;Cajamarca;Jaén;Huabal;060805
PE;9589;Cajamarca;Jaén;LasPirias;060806
PE;9589;Cajamarca;Jaén;Pomahuaca;060807
PE;9589;Cajamarca;Jaén;Pucara;060808
PE;9589;Cajamarca;Jaén;Sallique;060809
PE;9589;Cajamarca;Jaén;SanFelipe;060810
PE;9589;Cajamarca;Jaén;SanJosédelAlto;060811
PE;9589;Cajamarca;Jaén;SantaRosa;060812
PE;9589;Cajamarca;SanIgnacio;;060900
PE;9589;Cajamarca;SanIgnacio;SanIgnacio;060901
PE;9589;Cajamarca;SanIgnacio;Chirinos;060902
PE;9589;Cajamarca;SanIgnacio;Huarango;060903
PE;9589;Cajamarca;SanIgnacio;LaCoipa;060904
PE;9589;Cajamarca;SanIgnacio;Namballe;060905
PE;9589;Cajamarca;SanIgnacio;SanJosédeLourdes;060906
PE;9589;Cajamarca;SanIgnacio;Tabaconas;060907
PE;9589;Cajamarca;SanMarcos;;061000
PE;9589;Cajamarca;SanMarcos;PedroGálvez;061001
PE;9589;Cajamarca;SanMarcos;Chancay;061002
PE;9589;Cajamarca;SanMarcos;EduardoVillanueva;061003
PE;9589;Cajamarca;SanMarcos;GregorioPita;061004
PE;9589;Cajamarca;SanMarcos;Ichocan;061005
PE;9589;Cajamarca;SanMarcos;JoséManuelQuiroz;061006
PE;9589;Cajamarca;SanMarcos;JoséSabogal;061007
PE;9589;Cajamarca;SanMiguel;;061100
PE;9589;Cajamarca;SanMiguel;SanMiguel;061101
PE;9589;Cajamarca;SanMiguel;Bolívar;061102
PE;9589;Cajamarca;SanMiguel;Calquis;061103
PE;9589;Cajamarca;SanMiguel;Catilluc;061104
PE;9589;Cajamarca;SanMiguel;ElPrado;061105
PE;9589;Cajamarca;SanMiguel;LaFlorida;061106
PE;9589;Cajamarca;SanMiguel;Llapa;061107
PE;9589;Cajamarca;SanMiguel;Nanchoc;061108
PE;9589;Cajamarca;SanMiguel;Niepos;061109
PE;9589;Cajamarca;SanMiguel;SanGregorio;061110
PE;9589;Cajamarca;SanMiguel;SanSilvestredeCochan;061111
PE;9589;Cajamarca;SanMiguel;Tongod;061112
PE;9589;Cajamarca;SanMiguel;UniónAguaBlanca;061113
PE;9589;Cajamarca;SanPablo;;061200
PE;9589;Cajamarca;SanPablo;SanPablo;061201
PE;9589;Cajamarca;SanPablo;SanBernardino;061202
PE;9589;Cajamarca;SanPablo;SanLuis;061203
PE;9589;Cajamarca;SanPablo;Tumbaden;061204
PE;9589;Cajamarca;SantaCruz;;061300
PE;9589;Cajamarca;SantaCruz;SantaCruz;061301
PE;9589;Cajamarca;SantaCruz;Andabamba;061302
PE;9589;Cajamarca;SantaCruz;Catache;061303
PE;9589;Cajamarca;SantaCruz;Chancaybaños;061304
PE;9589;Cajamarca;SantaCruz;LaEsperanza;061305
PE;9589;Cajamarca;SantaCruz;Ninabamba;061306
PE;9589;Cajamarca;SantaCruz;Pulan;061307
PE;9589;Cajamarca;SantaCruz;Saucepampa;061308
PE;9589;Cajamarca;SantaCruz;Sexi;061309
PE;9589;Cajamarca;SantaCruz;Uticyacu;061310
PE;9589;Cajamarca;SantaCruz;Yauyucan;061311
PE;9589;Callao;;;070000
PE;9589;Callao;Prov.Const.delCallao;;070100
PE;9589;Callao;Prov.Const.delCallao;Callao;070101
PE;9589;Callao;Prov.Const.delCallao;Bellavista;070102
PE;9589;Callao;Prov.Const.delCallao;CarmendelaLeguaReynoso;070103
PE;9589;Callao;Prov.Const.delCallao;LaPerla;070104
PE;9589;Callao;Prov.Const.delCallao;LaPunta;070105
PE;9589;Callao;Prov.Const.delCallao;Ventanilla;070106
PE;9589;Callao;Prov.Const.delCallao;MiPerú;070107
PE;9589;Cusco;;;080000
PE;9589;Cusco;Cusco;;080100
PE;9589;Cusco;Cusco;Cusco;080101
PE;9589;Cusco;Cusco;Ccorca;080102
PE;9589;Cusco;Cusco;Poroy;080103
PE;9589;Cusco;Cusco;SanJerónimo;080104
PE;9589;Cusco;Cusco;SanSebastian;080105
PE;9589;Cusco;Cusco;Santiago;080106
PE;9589;Cusco;Cusco;Saylla;080107
PE;9589;Cusco;Cusco;Wanchaq;080108
PE;9589;Cusco;Acomayo;;080200
PE;9589;Cusco;Acomayo;Acomayo;080201
PE;9589;Cusco;Acomayo;Acopia;080202
PE;9589;Cusco;Acomayo;Acos;080203
PE;9589;Cusco;Acomayo;MosocLlacta;080204
PE;9589;Cusco;Acomayo;Pomacanchi;080205
PE;9589;Cusco;Acomayo;Rondocan;080206
PE;9589;Cusco;Acomayo;Sangarara;080207
PE;9589;Cusco;Anta;;080300
PE;9589;Cusco;Anta;Anta;080301
PE;9589;Cusco;Anta;Ancahuasi;080302
PE;9589;Cusco;Anta;Cachimayo;080303
PE;9589;Cusco;Anta;Chinchaypujio;080304
PE;9589;Cusco;Anta;Huarocondo;080305
PE;9589;Cusco;Anta;Limatambo;080306
PE;9589;Cusco;Anta;Mollepata;080307
PE;9589;Cusco;Anta;Pucyura;080308
PE;9589;Cusco;Anta;Zurite;080309
PE;9589;Cusco;Calca;;080400
PE;9589;Cusco;Calca;Calca;080401
PE;9589;Cusco;Calca;Coya;080402
PE;9589;Cusco;Calca;Lamay;080403
PE;9589;Cusco;Calca;Lares;080404
PE;9589;Cusco;Calca;Pisac;080405
PE;9589;Cusco;Calca;SanSalvador;080406
PE;9589;Cusco;Calca;Taray;080407
PE;9589;Cusco;Calca;Yanatile;080408
PE;9589;Cusco;Canas;;080500
PE;9589;Cusco;Canas;Yanaoca;080501
PE;9589;Cusco;Canas;Checca;080502
PE;9589;Cusco;Canas;Kunturkanki;080503
PE;9589;Cusco;Canas;Langui;080504
PE;9589;Cusco;Canas;Layo;080505
PE;9589;Cusco;Canas;Pampamarca;080506
PE;9589;Cusco;Canas;Quehue;080507
PE;9589;Cusco;Canas;TupacAmaru;080508
PE;9589;Cusco;Canchis;;080600
PE;9589;Cusco;Canchis;Sicuani;080601
PE;9589;Cusco;Canchis;Checacupe;080602
PE;9589;Cusco;Canchis;Combapata;080603
PE;9589;Cusco;Canchis;Marangani;080604
PE;9589;Cusco;Canchis;Pitumarca;080605
PE;9589;Cusco;Canchis;SanPablo;080606
PE;9589;Cusco;Canchis;SanPedro;080607
PE;9589;Cusco;Canchis;Tinta;080608
PE;9589;Cusco;Chumbivilcas;;080700
PE;9589;Cusco;Chumbivilcas;SantoTomas;080701
PE;9589;Cusco;Chumbivilcas;Capacmarca;080702
PE;9589;Cusco;Chumbivilcas;Chamaca;080703
PE;9589;Cusco;Chumbivilcas;Colquemarca;080704
PE;9589;Cusco;Chumbivilcas;Livitaca;080705
PE;9589;Cusco;Chumbivilcas;Llusco;080706
PE;9589;Cusco;Chumbivilcas;Quiñota;080707
PE;9589;Cusco;Chumbivilcas;Velille;080708
PE;9589;Cusco;Espinar;;080800
PE;9589;Cusco;Espinar;Espinar;080801
PE;9589;Cusco;Espinar;Condoroma;080802
PE;9589;Cusco;Espinar;Coporaque;080803
PE;9589;Cusco;Espinar;Ocoruro;080804
PE;9589;Cusco;Espinar;Pallpata;080805
PE;9589;Cusco;Espinar;Pichigua;080806
PE;9589;Cusco;Espinar;Suyckutambo;080807
PE;9589;Cusco;Espinar;AltoPichigua;080808
PE;9589;Cusco;LaConvención;;080900
PE;9589;Cusco;LaConvención;SantaAna;080901
PE;9589;Cusco;LaConvención;Echarate;080902
PE;9589;Cusco;LaConvención;Huayopata;080903
PE;9589;Cusco;LaConvención;Maranura;080904
PE;9589;Cusco;LaConvención;Ocobamba;080905
PE;9589;Cusco;LaConvención;Quellouno;080906
PE;9589;Cusco;LaConvención;Kimbiri;080907
PE;9589;Cusco;LaConvención;SantaTeresa;080908
PE;9589;Cusco;LaConvención;Vilcabamba;080909
PE;9589;Cusco;LaConvención;Pichari;080910
PE;9589;Cusco;LaConvención;Inkawasi;080911
PE;9589;Cusco;LaConvención;VillaVirgen;080912
PE;9589;Cusco;LaConvención;VillaKintiarina;080913
PE;9589;Cusco;Paruro;;081000
PE;9589;Cusco;Paruro;Paruro;081001
PE;9589;Cusco;Paruro;Accha;081002
PE;9589;Cusco;Paruro;Ccapi;081003
PE;9589;Cusco;Paruro;Colcha;081004
PE;9589;Cusco;Paruro;Huanoquite;081005
PE;9589;Cusco;Paruro;Omacha;081006
PE;9589;Cusco;Paruro;Paccaritambo;081007
PE;9589;Cusco;Paruro;Pillpinto;081008
PE;9589;Cusco;Paruro;Yaurisque;081009
PE;9589;Cusco;Paucartambo;;081100
PE;9589;Cusco;Paucartambo;Paucartambo;081101
PE;9589;Cusco;Paucartambo;Caicay;081102
PE;9589;Cusco;Paucartambo;Challabamba;081103
PE;9589;Cusco;Paucartambo;Colquepata;081104
PE;9589;Cusco;Paucartambo;Huancarani;081105
PE;9589;Cusco;Paucartambo;Kosñipata;081106
PE;9589;Cusco;Quispicanchi;;081200
PE;9589;Cusco;Quispicanchi;Urcos;081201
PE;9589;Cusco;Quispicanchi;Andahuaylillas;081202
PE;9589;Cusco;Quispicanchi;Camanti;081203
PE;9589;Cusco;Quispicanchi;Ccarhuayo;081204
PE;9589;Cusco;Quispicanchi;Ccatca;081205
PE;9589;Cusco;Quispicanchi;Cusipata;081206
PE;9589;Cusco;Quispicanchi;Huaro;081207
PE;9589;Cusco;Quispicanchi;Lucre;081208
PE;9589;Cusco;Quispicanchi;Marcapata;081209
PE;9589;Cusco;Quispicanchi;Ocongate;081210
PE;9589;Cusco;Quispicanchi;Oropesa;081211
PE;9589;Cusco;Quispicanchi;Quiquijana;081212
PE;9589;Cusco;Urubamba;;081300
PE;9589;Cusco;Urubamba;Urubamba;081301
PE;9589;Cusco;Urubamba;Chinchero;081302
PE;9589;Cusco;Urubamba;Huayllabamba;081303
PE;9589;Cusco;Urubamba;Machupicchu;081304
PE;9589;Cusco;Urubamba;Maras;081305
PE;9589;Cusco;Urubamba;Ollantaytambo;081306
PE;9589;Cusco;Urubamba;Yucay;081307
PE;9589;Huancavelica;;;090000
PE;9589;Huancavelica;Huancavelica;;090100
PE;9589;Huancavelica;Huancavelica;Huancavelica;090101
PE;9589;Huancavelica;Huancavelica;Acobambilla;090102
PE;9589;Huancavelica;Huancavelica;Acoria;090103
PE;9589;Huancavelica;Huancavelica;Conayca;090104
PE;9589;Huancavelica;Huancavelica;Cuenca;090105
PE;9589;Huancavelica;Huancavelica;Huachocolpa;090106
PE;9589;Huancavelica;Huancavelica;Huayllahuara;090107
PE;9589;Huancavelica;Huancavelica;Izcuchaca;090108
PE;9589;Huancavelica;Huancavelica;Laria;090109
PE;9589;Huancavelica;Huancavelica;Manta;090110
PE;9589;Huancavelica;Huancavelica;MariscalCáceres;090111
PE;9589;Huancavelica;Huancavelica;Moya;090112
PE;9589;Huancavelica;Huancavelica;NuevoOccoro;090113
PE;9589;Huancavelica;Huancavelica;Palca;090114
PE;9589;Huancavelica;Huancavelica;Pilchaca;090115
PE;9589;Huancavelica;Huancavelica;Vilca;090116
PE;9589;Huancavelica;Huancavelica;Yauli;090117
PE;9589;Huancavelica;Huancavelica;Ascensión;090118
PE;9589;Huancavelica;Huancavelica;Huando;090119
PE;9589;Huancavelica;Acobamba;;090200
PE;9589;Huancavelica;Acobamba;Acobamba;090201
PE;9589;Huancavelica;Acobamba;Andabamba;090202
PE;9589;Huancavelica;Acobamba;Anta;090203
PE;9589;Huancavelica;Acobamba;Caja;090204
PE;9589;Huancavelica;Acobamba;Marcas;090205
PE;9589;Huancavelica;Acobamba;Paucara;090206
PE;9589;Huancavelica;Acobamba;Pomacocha;090207
PE;9589;Huancavelica;Acobamba;Rosario;090208
PE;9589;Huancavelica;Angaraes;;090300
PE;9589;Huancavelica;Angaraes;Lircay;090301
PE;9589;Huancavelica;Angaraes;Anchonga;090302
PE;9589;Huancavelica;Angaraes;Callanmarca;090303
PE;9589;Huancavelica;Angaraes;Ccochaccasa;090304
PE;9589;Huancavelica;Angaraes;Chincho;090305
PE;9589;Huancavelica;Angaraes;Congalla;090306
PE;9589;Huancavelica;Angaraes;Huanca-Huanca;090307
PE;9589;Huancavelica;Angaraes;HuayllayGrande;090308
PE;9589;Huancavelica;Angaraes;Julcamarca;090309
PE;9589;Huancavelica;Angaraes;SanAntoniodeAntaparco;090310
PE;9589;Huancavelica;Angaraes;SantoTomasdePata;090311
PE;9589;Huancavelica;Angaraes;Secclla;090312
PE;9589;Huancavelica;Castrovirreyna;;090400
PE;9589;Huancavelica;Castrovirreyna;Castrovirreyna;090401
PE;9589;Huancavelica;Castrovirreyna;Arma;090402
PE;9589;Huancavelica;Castrovirreyna;Aurahua;090403
PE;9589;Huancavelica;Castrovirreyna;Capillas;090404
PE;9589;Huancavelica;Castrovirreyna;Chupamarca;090405
PE;9589;Huancavelica;Castrovirreyna;Cocas;090406
PE;9589;Huancavelica;Castrovirreyna;Huachos;090407
PE;9589;Huancavelica;Castrovirreyna;Huamatambo;090408
PE;9589;Huancavelica;Castrovirreyna;Mollepampa;090409
PE;9589;Huancavelica;Castrovirreyna;SanJuan;090410
PE;9589;Huancavelica;Castrovirreyna;SantaAna;090411
PE;9589;Huancavelica;Castrovirreyna;Tantara;090412
PE;9589;Huancavelica;Castrovirreyna;Ticrapo;090413
PE;9589;Huancavelica;Churcampa;;090500
PE;9589;Huancavelica;Churcampa;Churcampa;090501
PE;9589;Huancavelica;Churcampa;Anco;090502
PE;9589;Huancavelica;Churcampa;Chinchihuasi;090503
PE;9589;Huancavelica;Churcampa;ElCarmen;090504
PE;9589;Huancavelica;Churcampa;LaMerced;090505
PE;9589;Huancavelica;Churcampa;Locroja;090506
PE;9589;Huancavelica;Churcampa;Paucarbamba;090507
PE;9589;Huancavelica;Churcampa;SanMigueldeMayocc;090508
PE;9589;Huancavelica;Churcampa;SanPedrodeCoris;090509
PE;9589;Huancavelica;Churcampa;Pachamarca;090510
PE;9589;Huancavelica;Churcampa;Cosme;090511
PE;9589;Huancavelica;Huaytará;;090600
PE;9589;Huancavelica;Huaytará;Huaytara;090601
PE;9589;Huancavelica;Huaytará;Ayavi;090602
PE;9589;Huancavelica;Huaytará;Córdova;090603
PE;9589;Huancavelica;Huaytará;HuayacundoArma;090604
PE;9589;Huancavelica;Huaytará;Laramarca;090605
PE;9589;Huancavelica;Huaytará;Ocoyo;090606
PE;9589;Huancavelica;Huaytará;Pilpichaca;090607
PE;9589;Huancavelica;Huaytará;Querco;090608
PE;9589;Huancavelica;Huaytará;Quito-Arma;090609
PE;9589;Huancavelica;Huaytará;SanAntoniodeCusicancha;090610
PE;9589;Huancavelica;Huaytará;SanFranciscodeSangayaico;090611
PE;9589;Huancavelica;Huaytará;SanIsidro;090612
PE;9589;Huancavelica;Huaytará;SantiagodeChocorvos;090613
PE;9589;Huancavelica;Huaytará;SantiagodeQuirahuara;090614
PE;9589;Huancavelica;Huaytará;SantoDomingodeCapillas;090615
PE;9589;Huancavelica;Huaytará;Tambo;090616
PE;9589;Huancavelica;Tayacaja;;090700
PE;9589;Huancavelica;Tayacaja;Pampas;090701
PE;9589;Huancavelica;Tayacaja;Acostambo;090702
PE;9589;Huancavelica;Tayacaja;Acraquia;090703
PE;9589;Huancavelica;Tayacaja;Ahuaycha;090704
PE;9589;Huancavelica;Tayacaja;Colcabamba;090705
PE;9589;Huancavelica;Tayacaja;DanielHernández;090706
PE;9589;Huancavelica;Tayacaja;Huachocolpa;090707
PE;9589;Huancavelica;Tayacaja;Huaribamba;090709
PE;9589;Huancavelica;Tayacaja;Ñahuimpuquio;090710
PE;9589;Huancavelica;Tayacaja;Pazos;090711
PE;9589;Huancavelica;Tayacaja;Quishuar;090713
PE;9589;Huancavelica;Tayacaja;Salcabamba;090714
PE;9589;Huancavelica;Tayacaja;Salcahuasi;090715
PE;9589;Huancavelica;Tayacaja;SanMarcosdeRocchac;090716
PE;9589;Huancavelica;Tayacaja;Surcubamba;090717
PE;9589;Huancavelica;Tayacaja;TintayPuncu;090718
PE;9589;Huancavelica;Tayacaja;Quichuas;090719
PE;9589;Huancavelica;Tayacaja;Andaymarca;090720
PE;9589;Huánuco;;;100000
PE;9589;Huánuco;Huánuco;;100100
PE;9589;Huánuco;Huánuco;Huanuco;100101
PE;9589;Huánuco;Huánuco;Amarilis;100102
PE;9589;Huánuco;Huánuco;Chinchao;100103
PE;9589;Huánuco;Huánuco;Churubamba;100104
PE;9589;Huánuco;Huánuco;Margos;100105
PE;9589;Huánuco;Huánuco;Quisqui(Kichki);100106
PE;9589;Huánuco;Huánuco;SanFranciscodeCayran;100107
PE;9589;Huánuco;Huánuco;SanPedrodeChaulan;100108
PE;9589;Huánuco;Huánuco;SantaMaríadelValle;100109
PE;9589;Huánuco;Huánuco;Yarumayo;100110
PE;9589;Huánuco;Huánuco;PillcoMarca;100111
PE;9589;Huánuco;Huánuco;Yacus;100112
PE;9589;Huánuco;Ambo;;100200
PE;9589;Huánuco;Ambo;Ambo;100201
PE;9589;Huánuco;Ambo;Cayna;100202
PE;9589;Huánuco;Ambo;Colpas;100203
PE;9589;Huánuco;Ambo;Conchamarca;100204
PE;9589;Huánuco;Ambo;Huacar;100205
PE;9589;Huánuco;Ambo;SanFrancisco;100206
PE;9589;Huánuco;Ambo;SanRafael;100207
PE;9589;Huánuco;Ambo;TomayKichwa;100208
PE;9589;Huánuco;DosdeMayo;;100300
PE;9589;Huánuco;DosdeMayo;LaUnión;100301
PE;9589;Huánuco;DosdeMayo;Chuquis;100307
PE;9589;Huánuco;DosdeMayo;Marías;100311
PE;9589;Huánuco;DosdeMayo;Pachas;100313
PE;9589;Huánuco;DosdeMayo;Quivilla;100316
PE;9589;Huánuco;DosdeMayo;Ripan;100317
PE;9589;Huánuco;DosdeMayo;Shunqui;100321
PE;9589;Huánuco;DosdeMayo;Sillapata;100322
PE;9589;Huánuco;DosdeMayo;Yanas;100323
PE;9589;Huánuco;Huacaybamba;;100400
PE;9589;Huánuco;Huacaybamba;Huacaybamba;100401
PE;9589;Huánuco;Huacaybamba;Canchabamba;100402
PE;9589;Huánuco;Huacaybamba;Cochabamba;100403
PE;9589;Huánuco;Huacaybamba;Pinra;100404
PE;9589;Huánuco;Huamalíes;;100500
PE;9589;Huánuco;Huamalíes;Llata;100501
PE;9589;Huánuco;Huamalíes;Arancay;100502
PE;9589;Huánuco;Huamalíes;ChavíndePariarca;100503
PE;9589;Huánuco;Huamalíes;JacasGrande;100504
PE;9589;Huánuco;Huamalíes;Jircan;100505
PE;9589;Huánuco;Huamalíes;Miraflores;100506
PE;9589;Huánuco;Huamalíes;Monzón;100507
PE;9589;Huánuco;Huamalíes;Punchao;100508
PE;9589;Huánuco;Huamalíes;Puños;100509
PE;9589;Huánuco;Huamalíes;Singa;100510
PE;9589;Huánuco;Huamalíes;Tantamayo;100511
PE;9589;Huánuco;LeoncioPrado;;100600
PE;9589;Huánuco;LeoncioPrado;Rupa-Rupa;100601
PE;9589;Huánuco;LeoncioPrado;DanielAlomíaRobles;100602
PE;9589;Huánuco;LeoncioPrado;HermílioValdizan;100603
PE;9589;Huánuco;LeoncioPrado;JoséCrespoyCastillo;100604
PE;9589;Huánuco;LeoncioPrado;Luyando;100605
PE;9589;Huánuco;LeoncioPrado;MarianoDamasoBeraun;100606
PE;9589;Huánuco;Marañón;;100700
PE;9589;Huánuco;Marañón;Huacrachuco;100701
PE;9589;Huánuco;Marañón;Cholon;100702
PE;9589;Huánuco;Marañón;SanBuenaventura;100703
PE;9589;Huánuco;Pachitea;;100800
PE;9589;Huánuco;Pachitea;Panao;100801
PE;9589;Huánuco;Pachitea;Chaglla;100802
PE;9589;Huánuco;Pachitea;Molino;100803
PE;9589;Huánuco;Pachitea;Umari;100804
PE;9589;Huánuco;PuertoInca;;100900
PE;9589;Huánuco;PuertoInca;PuertoInca;100901
PE;9589;Huánuco;PuertoInca;CododelPozuzo;100902
PE;9589;Huánuco;PuertoInca;Honoria;100903
PE;9589;Huánuco;PuertoInca;Tournavista;100904
PE;9589;Huánuco;PuertoInca;Yuyapichis;100905
PE;9589;Huánuco;Lauricocha;;101000
PE;9589;Huánuco;Lauricocha;Jesús;101001
PE;9589;Huánuco;Lauricocha;Baños;101002
PE;9589;Huánuco;Lauricocha;Jivia;101003
PE;9589;Huánuco;Lauricocha;Queropalca;101004
PE;9589;Huánuco;Lauricocha;Rondos;101005
PE;9589;Huánuco;Lauricocha;SanFranciscodeAsís;101006
PE;9589;Huánuco;Lauricocha;SanMigueldeCauri;101007
PE;9589;Huánuco;Yarowilca;;101100
PE;9589;Huánuco;Yarowilca;Chavinillo;101101
PE;9589;Huánuco;Yarowilca;Cahuac;101102
PE;9589;Huánuco;Yarowilca;Chacabamba;101103
PE;9589;Huánuco;Yarowilca;AparicioPomares;101104
PE;9589;Huánuco;Yarowilca;JacasChico;101105
PE;9589;Huánuco;Yarowilca;Obas;101106
PE;9589;Huánuco;Yarowilca;Pampamarca;101107
PE;9589;Huánuco;Yarowilca;Choras;101108
PE;9589;Ica;;;110000
PE;9589;Ica;Ica;;110100
PE;9589;Ica;Ica;Ica;110101
PE;9589;Ica;Ica;LaTinguiña;110102
PE;9589;Ica;Ica;LosAquijes;110103
PE;9589;Ica;Ica;Ocucaje;110104
PE;9589;Ica;Ica;Pachacutec;110105
PE;9589;Ica;Ica;Parcona;110106
PE;9589;Ica;Ica;PuebloNuevo;110107
PE;9589;Ica;Ica;Salas;110108
PE;9589;Ica;Ica;SanJosédeLosMolinos;110109
PE;9589;Ica;Ica;SanJuanBautista;110110
PE;9589;Ica;Ica;Santiago;110111
PE;9589;Ica;Ica;Subtanjalla;110112
PE;9589;Ica;Ica;Tate;110113
PE;9589;Ica;Ica;YaucadelRosario;110114
PE;9589;Ica;Chincha;;110200
PE;9589;Ica;Chincha;ChinchaAlta;110201
PE;9589;Ica;Chincha;AltoLaran;110202
PE;9589;Ica;Chincha;Chavin;110203
PE;9589;Ica;Chincha;ChinchaBaja;110204
PE;9589;Ica;Chincha;ElCarmen;110205
PE;9589;Ica;Chincha;GrocioPrado;110206
PE;9589;Ica;Chincha;PuebloNuevo;110207
PE;9589;Ica;Chincha;SanJuandeYanac;110208
PE;9589;Ica;Chincha;SanPedrodeHuacarpana;110209
PE;9589;Ica;Chincha;Sunampe;110210
PE;9589;Ica;Chincha;TambodeMora;110211
PE;9589;Ica;Nazca;;110300
PE;9589;Ica;Nazca;Nasca;110301
PE;9589;Ica;Nazca;Changuillo;110302
PE;9589;Ica;Nazca;ElIngenio;110303
PE;9589;Ica;Nazca;Marcona;110304
PE;9589;Ica;Nazca;VistaAlegre;110305
PE;9589;Ica;Palpa;;110400
PE;9589;Ica;Palpa;Palpa;110401
PE;9589;Ica;Palpa;Llipata;110402
PE;9589;Ica;Palpa;RíoGrande;110403
PE;9589;Ica;Palpa;SantaCruz;110404
PE;9589;Ica;Palpa;Tibillo;110405
PE;9589;Ica;Pisco;;110500
PE;9589;Ica;Pisco;Pisco;110501
PE;9589;Ica;Pisco;Huancano;110502
PE;9589;Ica;Pisco;Humay;110503
PE;9589;Ica;Pisco;Independencia;110504
PE;9589;Ica;Pisco;Paracas;110505
PE;9589;Ica;Pisco;SanAndrés;110506
PE;9589;Ica;Pisco;SanClemente;110507
PE;9589;Ica;Pisco;TupacAmaruInca;110508
PE;9589;Junín;;;120000
PE;9589;Junín;Huancayo;;120100
PE;9589;Junín;Huancayo;Huancayo;120101
PE;9589;Junín;Huancayo;Carhuacallanga;120104
PE;9589;Junín;Huancayo;Chacapampa;120105
PE;9589;Junín;Huancayo;Chicche;120106
PE;9589;Junín;Huancayo;Chilca;120107
PE;9589;Junín;Huancayo;ChongosAlto;120108
PE;9589;Junín;Huancayo;Chupuro;120111
PE;9589;Junín;Huancayo;Colca;120112
PE;9589;Junín;Huancayo;Cullhuas;120113
PE;9589;Junín;Huancayo;ElTambo;120114
PE;9589;Junín;Huancayo;Huacrapuquio;120116
PE;9589;Junín;Huancayo;Hualhuas;120117
PE;9589;Junín;Huancayo;Huancan;120119
PE;9589;Junín;Huancayo;Huasicancha;120120
PE;9589;Junín;Huancayo;Huayucachi;120121
PE;9589;Junín;Huancayo;Ingenio;120122
PE;9589;Junín;Huancayo;Pariahuanca;120124
PE;9589;Junín;Huancayo;Pilcomayo;120125
PE;9589;Junín;Huancayo;Pucara;120126
PE;9589;Junín;Huancayo;Quichuay;120127
PE;9589;Junín;Huancayo;Quilcas;120128
PE;9589;Junín;Huancayo;SanAgustín;120129
PE;9589;Junín;Huancayo;SanJerónimodeTunan;120130
PE;9589;Junín;Huancayo;Saño;120132
PE;9589;Junín;Huancayo;Sapallanga;120133
PE;9589;Junín;Huancayo;Sicaya;120134
PE;9589;Junín;Huancayo;SantoDomingodeAcobamba;120135
PE;9589;Junín;Huancayo;Viques;120136
PE;9589;Junín;Concepción;;120200
PE;9589;Junín;Concepción;Concepción;120201
PE;9589;Junín;Concepción;Aco;120202
PE;9589;Junín;Concepción;Andamarca;120203
PE;9589;Junín;Concepción;Chambara;120204
PE;9589;Junín;Concepción;Cochas;120205
PE;9589;Junín;Concepción;Comas;120206
PE;9589;Junín;Concepción;HeroínasToledo;120207
PE;9589;Junín;Concepción;Manzanares;120208
PE;9589;Junín;Concepción;MariscalCastilla;120209
PE;9589;Junín;Concepción;Matahuasi;120210
PE;9589;Junín;Concepción;Mito;120211
PE;9589;Junín;Concepción;NuevedeJulio;120212
PE;9589;Junín;Concepción;Orcotuna;120213
PE;9589;Junín;Concepción;SanJosédeQuero;120214
PE;9589;Junín;Concepción;SantaRosadeOcopa;120215
PE;9589;Junín;Chanchamayo;;120300
PE;9589;Junín;Chanchamayo;Chanchamayo;120301
PE;9589;Junín;Chanchamayo;Perene;120302
PE;9589;Junín;Chanchamayo;Pichanaqui;120303
PE;9589;Junín;Chanchamayo;SanLuisdeShuaro;120304
PE;9589;Junín;Chanchamayo;SanRamón;120305
PE;9589;Junín;Chanchamayo;Vitoc;120306
PE;9589;Junín;Jauja;;120400
PE;9589;Junín;Jauja;Jauja;120401
PE;9589;Junín;Jauja;Acolla;120402
PE;9589;Junín;Jauja;Apata;120403
PE;9589;Junín;Jauja;Ataura;120404
PE;9589;Junín;Jauja;Canchayllo;120405
PE;9589;Junín;Jauja;Curicaca;120406
PE;9589;Junín;Jauja;ElMantaro;120407
PE;9589;Junín;Jauja;Huamali;120408
PE;9589;Junín;Jauja;Huaripampa;120409
PE;9589;Junín;Jauja;Huertas;120410
PE;9589;Junín;Jauja;Janjaillo;120411
PE;9589;Junín;Jauja;Julcán;120412
PE;9589;Junín;Jauja;LeonorOrdóñez;120413
PE;9589;Junín;Jauja;Llocllapampa;120414
PE;9589;Junín;Jauja;Marco;120415
PE;9589;Junín;Jauja;Masma;120416
PE;9589;Junín;Jauja;MasmaChicche;120417
PE;9589;Junín;Jauja;Molinos;120418
PE;9589;Junín;Jauja;Monobamba;120419
PE;9589;Junín;Jauja;Muqui;120420
PE;9589;Junín;Jauja;Muquiyauyo;120421
PE;9589;Junín;Jauja;Paca;120422
PE;9589;Junín;Jauja;Paccha;120423
PE;9589;Junín;Jauja;Pancan;120424
PE;9589;Junín;Jauja;Parco;120425
PE;9589;Junín;Jauja;Pomacancha;120426
PE;9589;Junín;Jauja;Ricran;120427
PE;9589;Junín;Jauja;SanLorenzo;120428
PE;9589;Junín;Jauja;SanPedrodeChunan;120429
PE;9589;Junín;Jauja;Sausa;120430
PE;9589;Junín;Jauja;Sincos;120431
PE;9589;Junín;Jauja;TunanMarca;120432
PE;9589;Junín;Jauja;Yauli;120433
PE;9589;Junín;Jauja;Yauyos;120434
PE;9589;Junín;Junín;;120500
PE;9589;Junín;Junín;Junin;120501
PE;9589;Junín;Junín;Carhuamayo;120502
PE;9589;Junín;Junín;Ondores;120503
PE;9589;Junín;Junín;Ulcumayo;120504
PE;9589;Junín;Satipo;;120600
PE;9589;Junín;Satipo;Satipo;120601
PE;9589;Junín;Satipo;Coviriali;120602
PE;9589;Junín;Satipo;Llaylla;120603
PE;9589;Junín;Satipo;Mazamari;120604
PE;9589;Junín;Satipo;PampaHermosa;120605
PE;9589;Junín;Satipo;Pangoa;120606
PE;9589;Junín;Satipo;RíoNegro;120607
PE;9589;Junín;Satipo;RíoTambo;120608
PE;9589;Junín;Satipo;VizcatandelEne;120609
PE;9589;Junín;Tarma;;120700
PE;9589;Junín;Tarma;Tarma;120701
PE;9589;Junín;Tarma;Acobamba;120702
PE;9589;Junín;Tarma;Huaricolca;120703
PE;9589;Junín;Tarma;Huasahuasi;120704
PE;9589;Junín;Tarma;LaUnión;120705
PE;9589;Junín;Tarma;Palca;120706
PE;9589;Junín;Tarma;Palcamayo;120707
PE;9589;Junín;Tarma;SanPedrodeCajas;120708
PE;9589;Junín;Tarma;Tapo;120709
PE;9589;Junín;Yauli;;120800
PE;9589;Junín;Yauli;LaOroya;120801
PE;9589;Junín;Yauli;Chacapalpa;120802
PE;9589;Junín;Yauli;Huay-Huay;120803
PE;9589;Junín;Yauli;Marcapomacocha;120804
PE;9589;Junín;Yauli;Morococha;120805
PE;9589;Junín;Yauli;Paccha;120806
PE;9589;Junín;Yauli;SantaBárbaradeCarhuacayan;120807
PE;9589;Junín;Yauli;SantaRosadeSacco;120808
PE;9589;Junín;Yauli;Suitucancha;120809
PE;9589;Junín;Yauli;Yauli;120810
PE;9589;Junín;Chupaca;;120900
PE;9589;Junín;Chupaca;Chupaca;120901
PE;9589;Junín;Chupaca;Ahuac;120902
PE;9589;Junín;Chupaca;ChongosBajo;120903
PE;9589;Junín;Chupaca;Huachac;120904
PE;9589;Junín;Chupaca;HuamancacaChico;120905
PE;9589;Junín;Chupaca;SanJuandeIscos;120906
PE;9589;Junín;Chupaca;SanJuandeJarpa;120907
PE;9589;Junín;Chupaca;TresdeDiciembre;120908
PE;9589;Junín;Chupaca;Yanacancha;120909
PE;9589;LaLibertad;;;130000
PE;9589;LaLibertad;Trujillo;;130100
PE;9589;LaLibertad;Trujillo;Trujillo;130101
PE;9589;LaLibertad;Trujillo;ElPorvenir;130102
PE;9589;LaLibertad;Trujillo;FlorenciadeMora;130103
PE;9589;LaLibertad;Trujillo;Huanchaco;130104
PE;9589;LaLibertad;Trujillo;LaEsperanza;130105
PE;9589;LaLibertad;Trujillo;Laredo;130106
PE;9589;LaLibertad;Trujillo;Moche;130107
PE;9589;LaLibertad;Trujillo;Poroto;130108
PE;9589;LaLibertad;Trujillo;Salaverry;130109
PE;9589;LaLibertad;Trujillo;Simbal;130110
PE;9589;LaLibertad;Trujillo;VictorLarcoHerrera;130111
PE;9589;LaLibertad;Ascope;;130200
PE;9589;LaLibertad;Ascope;Ascope;130201
PE;9589;LaLibertad;Ascope;Chicama;130202
PE;9589;LaLibertad;Ascope;Chocope;130203
PE;9589;LaLibertad;Ascope;MagdalenadeCao;130204
PE;9589;LaLibertad;Ascope;Paijan;130205
PE;9589;LaLibertad;Ascope;Rázuri;130206
PE;9589;LaLibertad;Ascope;SantiagodeCao;130207
PE;9589;LaLibertad;Ascope;CasaGrande;130208
PE;9589;LaLibertad;Bolívar;;130300
PE;9589;LaLibertad;Bolívar;Bolívar;130301
PE;9589;LaLibertad;Bolívar;Bambamarca;130302
PE;9589;LaLibertad;Bolívar;Condormarca;130303
PE;9589;LaLibertad;Bolívar;Longotea;130304
PE;9589;LaLibertad;Bolívar;Uchumarca;130305
PE;9589;LaLibertad;Bolívar;Ucuncha;130306
PE;9589;LaLibertad;Chepén;;130400
PE;9589;LaLibertad;Chepén;Chepen;130401
PE;9589;LaLibertad;Chepén;Pacanga;130402
PE;9589;LaLibertad;Chepén;PuebloNuevo;130403
PE;9589;LaLibertad;Julcán;;130500
PE;9589;LaLibertad;Julcán;Julcan;130501
PE;9589;LaLibertad;Julcán;Calamarca;130502
PE;9589;LaLibertad;Julcán;Carabamba;130503
PE;9589;LaLibertad;Julcán;Huaso;130504
PE;9589;LaLibertad;Otuzco;;130600
PE;9589;LaLibertad;Otuzco;Otuzco;130601
PE;9589;LaLibertad;Otuzco;Agallpampa;130602
PE;9589;LaLibertad;Otuzco;Charat;130604
PE;9589;LaLibertad;Otuzco;Huaranchal;130605
PE;9589;LaLibertad;Otuzco;LaCuesta;130606
PE;9589;LaLibertad;Otuzco;Mache;130608
PE;9589;LaLibertad;Otuzco;Paranday;130610
PE;9589;LaLibertad;Otuzco;Salpo;130611
PE;9589;LaLibertad;Otuzco;Sinsicap;130613
PE;9589;LaLibertad;Otuzco;Usquil;130614
PE;9589;LaLibertad;Pacasmayo;;130700
PE;9589;LaLibertad;Pacasmayo;SanPedrodeLloc;130701
PE;9589;LaLibertad;Pacasmayo;Guadalupe;130702
PE;9589;LaLibertad;Pacasmayo;Jequetepeque;130703
PE;9589;LaLibertad;Pacasmayo;Pacasmayo;130704
PE;9589;LaLibertad;Pacasmayo;SanJosé;130705
PE;9589;LaLibertad;Pataz;;130800
PE;9589;LaLibertad;Pataz;Tayabamba;130801
PE;9589;LaLibertad;Pataz;Buldibuyo;130802
PE;9589;LaLibertad;Pataz;Chillia;130803
PE;9589;LaLibertad;Pataz;Huancaspata;130804
PE;9589;LaLibertad;Pataz;Huaylillas;130805
PE;9589;LaLibertad;Pataz;Huayo;130806
PE;9589;LaLibertad;Pataz;Ongon;130807
PE;9589;LaLibertad;Pataz;Parcoy;130808
PE;9589;LaLibertad;Pataz;Pataz;130809
PE;9589;LaLibertad;Pataz;Pias;130810
PE;9589;LaLibertad;Pataz;SantiagodeChallas;130811
PE;9589;LaLibertad;Pataz;Taurija;130812
PE;9589;LaLibertad;Pataz;Urpay;130813
PE;9589;LaLibertad;SánchezCarrión;;130900
PE;9589;LaLibertad;SánchezCarrión;Huamachuco;130901
PE;9589;LaLibertad;SánchezCarrión;Chugay;130902
PE;9589;LaLibertad;SánchezCarrión;Cochorco;130903
PE;9589;LaLibertad;SánchezCarrión;Curgos;130904
PE;9589;LaLibertad;SánchezCarrión;Marcabal;130905
PE;9589;LaLibertad;SánchezCarrión;Sanagoran;130906
PE;9589;LaLibertad;SánchezCarrión;Sarin;130907
PE;9589;LaLibertad;SánchezCarrión;Sartimbamba;130908
PE;9589;LaLibertad;SantiagodeChuco;;131000
PE;9589;LaLibertad;SantiagodeChuco;SantiagodeChuco;131001
PE;9589;LaLibertad;SantiagodeChuco;Angasmarca;131002
PE;9589;LaLibertad;SantiagodeChuco;Cachicadan;131003
PE;9589;LaLibertad;SantiagodeChuco;Mollebamba;131004
PE;9589;LaLibertad;SantiagodeChuco;Mollepata;131005
PE;9589;LaLibertad;SantiagodeChuco;Quiruvilca;131006
PE;9589;LaLibertad;SantiagodeChuco;SantaCruzdeChuca;131007
PE;9589;LaLibertad;SantiagodeChuco;Sitabamba;131008
PE;9589;LaLibertad;GranChimú;;131100
PE;9589;LaLibertad;GranChimú;Cascas;131101
PE;9589;LaLibertad;GranChimú;Lucma;131102
PE;9589;LaLibertad;GranChimú;Marmot;131103
PE;9589;LaLibertad;GranChimú;Sayapullo;131104
PE;9589;LaLibertad;Virú;;131200
PE;9589;LaLibertad;Virú;Viru;131201
PE;9589;LaLibertad;Virú;Chao;131202
PE;9589;LaLibertad;Virú;Guadalupito;131203
PE;9589;Lambayeque;;;140000
PE;9589;Lambayeque;Chiclayo;;140100
PE;9589;Lambayeque;Chiclayo;Chiclayo;140101
PE;9589;Lambayeque;Chiclayo;Chongoyape;140102
PE;9589;Lambayeque;Chiclayo;Eten;140103
PE;9589;Lambayeque;Chiclayo;EtenPuerto;140104
PE;9589;Lambayeque;Chiclayo;JoséLeonardoOrtiz;140105
PE;9589;Lambayeque;Chiclayo;LaVictoria;140106
PE;9589;Lambayeque;Chiclayo;Lagunas;140107
PE;9589;Lambayeque;Chiclayo;Monsefu;140108
PE;9589;Lambayeque;Chiclayo;NuevaArica;140109
PE;9589;Lambayeque;Chiclayo;Oyotun;140110
PE;9589;Lambayeque;Chiclayo;Picsi;140111
PE;9589;Lambayeque;Chiclayo;Pimentel;140112
PE;9589;Lambayeque;Chiclayo;Reque;140113
PE;9589;Lambayeque;Chiclayo;SantaRosa;140114
PE;9589;Lambayeque;Chiclayo;Saña;140115
PE;9589;Lambayeque;Chiclayo;Cayalti;140116
PE;9589;Lambayeque;Chiclayo;Patapo;140117
PE;9589;Lambayeque;Chiclayo;Pomalca;140118
PE;9589;Lambayeque;Chiclayo;Pucala;140119
PE;9589;Lambayeque;Chiclayo;Tuman;140120
PE;9589;Lambayeque;Ferreñafe;;140200
PE;9589;Lambayeque;Ferreñafe;Ferreñafe;140201
PE;9589;Lambayeque;Ferreñafe;Cañaris;140202
PE;9589;Lambayeque;Ferreñafe;Incahuasi;140203
PE;9589;Lambayeque;Ferreñafe;ManuelAntonioMesonesMuro;140204
PE;9589;Lambayeque;Ferreñafe;Pitipo;140205
PE;9589;Lambayeque;Ferreñafe;PuebloNuevo;140206
PE;9589;Lambayeque;Lambayeque;;140300
PE;9589;Lambayeque;Lambayeque;Lambayeque;140301
PE;9589;Lambayeque;Lambayeque;Chochope;140302
PE;9589;Lambayeque;Lambayeque;Illimo;140303
PE;9589;Lambayeque;Lambayeque;Jayanca;140304
PE;9589;Lambayeque;Lambayeque;Mochumi;140305
PE;9589;Lambayeque;Lambayeque;Morrope;140306
PE;9589;Lambayeque;Lambayeque;Motupe;140307
PE;9589;Lambayeque;Lambayeque;Olmos;140308
PE;9589;Lambayeque;Lambayeque;Pacora;140309
PE;9589;Lambayeque;Lambayeque;Salas;140310
PE;9589;Lambayeque;Lambayeque;SanJosé;140311
PE;9589;Lambayeque;Lambayeque;Tucume;140312
PE;9589;Lima;;;150000
PE;9589;Lima;Lima;;150100
PE;9589;Lima;Lima;Lima;150101
PE;9589;Lima;Lima;Ancón;150102
PE;9589;Lima;Lima;Ate;150103
PE;9589;Lima;Lima;Barranco;150104
PE;9589;Lima;Lima;Breña;150105
PE;9589;Lima;Lima;Carabayllo;150106
PE;9589;Lima;Lima;Chaclacayo;150107
PE;9589;Lima;Lima;Chorrillos;150108
PE;9589;Lima;Lima;Cieneguilla;150109
PE;9589;Lima;Lima;Comas;150110
PE;9589;Lima;Lima;ElAgustino;150111
PE;9589;Lima;Lima;Independencia;150112
PE;9589;Lima;Lima;JesúsMaría;150113
PE;9589;Lima;Lima;LaMolina;150114
PE;9589;Lima;Lima;LaVictoria;150115
PE;9589;Lima;Lima;Lince;150116
PE;9589;Lima;Lima;LosOlivos;150117
PE;9589;Lima;Lima;Lurigancho;150118
PE;9589;Lima;Lima;Lurin;150119
PE;9589;Lima;Lima;MagdalenadelMar;150120
PE;9589;Lima;Lima;PuebloLibre;150121
PE;9589;Lima;Lima;Miraflores;150122
PE;9589;Lima;Lima;Pachacamac;150123
PE;9589;Lima;Lima;Pucusana;150124
PE;9589;Lima;Lima;PuentePiedra;150125
PE;9589;Lima;Lima;PuntaHermosa;150126
PE;9589;Lima;Lima;PuntaNegra;150127
PE;9589;Lima;Lima;Rímac;150128
PE;9589;Lima;Lima;SanBartolo;150129
PE;9589;Lima;Lima;SanBorja;150130
PE;9589;Lima;Lima;SanIsidro;150131
PE;9589;Lima;Lima;SanJuandeLurigancho;150132
PE;9589;Lima;Lima;SanJuandeMiraflores;150133
PE;9589;Lima;Lima;SanLuis;150134
PE;9589;Lima;Lima;SanMartíndePorres;150135
PE;9589;Lima;Lima;SanMiguel;150136
PE;9589;Lima;Lima;SantaAnita;150137
PE;9589;Lima;Lima;SantaMaríadelMar;150138
PE;9589;Lima;Lima;SantaRosa;150139
PE;9589;Lima;Lima;SantiagodeSurco;150140
PE;9589;Lima;Lima;Surquillo;150141
PE;9589;Lima;Lima;VillaElSalvador;150142
PE;9589;Lima;Lima;VillaMaríadelTriunfo;150143
PE;9589;Lima;Barranca;;150200
PE;9589;Lima;Barranca;Barranca;150201
PE;9589;Lima;Barranca;Paramonga;150202
PE;9589;Lima;Barranca;Pativilca;150203
PE;9589;Lima;Barranca;Supe;150204
PE;9589;Lima;Barranca;SupePuerto;150205
PE;9589;Lima;Cajatambo;;150300
PE;9589;Lima;Cajatambo;Cajatambo;150301
PE;9589;Lima;Cajatambo;Copa;150302
PE;9589;Lima;Cajatambo;Gorgor;150303
PE;9589;Lima;Cajatambo;Huancapon;150304
PE;9589;Lima;Cajatambo;Manas;150305
PE;9589;Lima;Canta;;150400
PE;9589;Lima;Canta;Canta;150401
PE;9589;Lima;Canta;Arahuay;150402
PE;9589;Lima;Canta;Huamantanga;150403
PE;9589;Lima;Canta;Huaros;150404
PE;9589;Lima;Canta;Lachaqui;150405
PE;9589;Lima;Canta;SanBuenaventura;150406
PE;9589;Lima;Canta;SantaRosadeQuives;150407
PE;9589;Lima;Cañete;;150500
PE;9589;Lima;Cañete;SanVicentedeCañete;150501
PE;9589;Lima;Cañete;Asia;150502
PE;9589;Lima;Cañete;Calango;150503
PE;9589;Lima;Cañete;CerroAzul;150504
PE;9589;Lima;Cañete;Chilca;150505
PE;9589;Lima;Cañete;Coayllo;150506
PE;9589;Lima;Cañete;Imperial;150507
PE;9589;Lima;Cañete;Lunahuana;150508
PE;9589;Lima;Cañete;Mala;150509
PE;9589;Lima;Cañete;NuevoImperial;150510
PE;9589;Lima;Cañete;Pacaran;150511
PE;9589;Lima;Cañete;Quilmana;150512
PE;9589;Lima;Cañete;SanAntonio;150513
PE;9589;Lima;Cañete;SanLuis;150514
PE;9589;Lima;Cañete;SantaCruzdeFlores;150515
PE;9589;Lima;Cañete;Zúñiga;150516
PE;9589;Lima;Huaral;;150600
PE;9589;Lima;Huaral;Huaral;150601
PE;9589;Lima;Huaral;AtavillosAlto;150602
PE;9589;Lima;Huaral;AtavillosBajo;150603
PE;9589;Lima;Huaral;Aucallama;150604
PE;9589;Lima;Huaral;Chancay;150605
PE;9589;Lima;Huaral;Ihuari;150606
PE;9589;Lima;Huaral;Lampian;150607
PE;9589;Lima;Huaral;Pacaraos;150608
PE;9589;Lima;Huaral;SanMigueldeAcos;150609
PE;9589;Lima;Huaral;SantaCruzdeAndamarca;150610
PE;9589;Lima;Huaral;Sumbilca;150611
PE;9589;Lima;Huaral;VeintisietedeNoviembre;150612
PE;9589;Lima;Huarochirí;;150700
PE;9589;Lima;Huarochirí;Matucana;150701
PE;9589;Lima;Huarochirí;Antioquia;150702
PE;9589;Lima;Huarochirí;Callahuanca;150703
PE;9589;Lima;Huarochirí;Carampoma;150704
PE;9589;Lima;Huarochirí;Chicla;150705
PE;9589;Lima;Huarochirí;Cuenca;150706
PE;9589;Lima;Huarochirí;Huachupampa;150707
PE;9589;Lima;Huarochirí;Huanza;150708
PE;9589;Lima;Huarochirí;Huarochiri;150709
PE;9589;Lima;Huarochirí;Lahuaytambo;150710
PE;9589;Lima;Huarochirí;Langa;150711
PE;9589;Lima;Huarochirí;Laraos;150712
PE;9589;Lima;Huarochirí;Mariatana;150713
PE;9589;Lima;Huarochirí;RicardoPalma;150714
PE;9589;Lima;Huarochirí;SanAndrésdeTupicocha;150715
PE;9589;Lima;Huarochirí;SanAntonio;150716
PE;9589;Lima;Huarochirí;SanBartolomé;150717
PE;9589;Lima;Huarochirí;SanDamian;150718
PE;9589;Lima;Huarochirí;SanJuandeIris;150719
PE;9589;Lima;Huarochirí;SanJuandeTantaranche;150720
PE;9589;Lima;Huarochirí;SanLorenzodeQuinti;150721
PE;9589;Lima;Huarochirí;SanMateo;150722
PE;9589;Lima;Huarochirí;SanMateodeOtao;150723
PE;9589;Lima;Huarochirí;SanPedrodeCasta;150724
PE;9589;Lima;Huarochirí;SanPedrodeHuancayre;150725
PE;9589;Lima;Huarochirí;Sangallaya;150726
PE;9589;Lima;Huarochirí;SantaCruzdeCocachacra;150727
PE;9589;Lima;Huarochirí;SantaEulalia;150728
PE;9589;Lima;Huarochirí;SantiagodeAnchucaya;150729
PE;9589;Lima;Huarochirí;SantiagodeTuna;150730
PE;9589;Lima;Huarochirí;SantoDomingodeLosOlleros;150731
PE;9589;Lima;Huarochirí;Surco;150732
PE;9589;Lima;Huaura;;150800
PE;9589;Lima;Huaura;Huacho;150801
PE;9589;Lima;Huaura;Ambar;150802
PE;9589;Lima;Huaura;CaletadeCarquin;150803
PE;9589;Lima;Huaura;Checras;150804
PE;9589;Lima;Huaura;Hualmay;150805
PE;9589;Lima;Huaura;Huaura;150806
PE;9589;Lima;Huaura;LeoncioPrado;150807
PE;9589;Lima;Huaura;Paccho;150808
PE;9589;Lima;Huaura;SantaLeonor;150809
PE;9589;Lima;Huaura;SantaMaría;150810
PE;9589;Lima;Huaura;Sayan;150811
PE;9589;Lima;Huaura;Vegueta;150812
PE;9589;Lima;Oyón;;150900
PE;9589;Lima;Oyón;Oyon;150901
PE;9589;Lima;Oyón;Andajes;150902
PE;9589;Lima;Oyón;Caujul;150903
PE;9589;Lima;Oyón;Cochamarca;150904
PE;9589;Lima;Oyón;Navan;150905
PE;9589;Lima;Oyón;Pachangara;150906
PE;9589;Lima;Yauyos;;151000
PE;9589;Lima;Yauyos;Yauyos;151001
PE;9589;Lima;Yauyos;Alis;151002
PE;9589;Lima;Yauyos;Allauca;151003
PE;9589;Lima;Yauyos;Ayaviri;151004
PE;9589;Lima;Yauyos;Azángaro;151005
PE;9589;Lima;Yauyos;Cacra;151006
PE;9589;Lima;Yauyos;Carania;151007
PE;9589;Lima;Yauyos;Catahuasi;151008
PE;9589;Lima;Yauyos;Chocos;151009
PE;9589;Lima;Yauyos;Cochas;151010
PE;9589;Lima;Yauyos;Colonia;151011
PE;9589;Lima;Yauyos;Hongos;151012
PE;9589;Lima;Yauyos;Huampara;151013
PE;9589;Lima;Yauyos;Huancaya;151014
PE;9589;Lima;Yauyos;Huangascar;151015
PE;9589;Lima;Yauyos;Huantan;151016
PE;9589;Lima;Yauyos;Huañec;151017
PE;9589;Lima;Yauyos;Laraos;151018
PE;9589;Lima;Yauyos;Lincha;151019
PE;9589;Lima;Yauyos;Madean;151020
PE;9589;Lima;Yauyos;Miraflores;151021
PE;9589;Lima;Yauyos;Omas;151022
PE;9589;Lima;Yauyos;Putinza;151023
PE;9589;Lima;Yauyos;Quinches;151024
PE;9589;Lima;Yauyos;Quinocay;151025
PE;9589;Lima;Yauyos;SanJoaquín;151026
PE;9589;Lima;Yauyos;SanPedrodePilas;151027
PE;9589;Lima;Yauyos;Tanta;151028
PE;9589;Lima;Yauyos;Tauripampa;151029
PE;9589;Lima;Yauyos;Tomas;151030
PE;9589;Lima;Yauyos;Tupe;151031
PE;9589;Lima;Yauyos;Viñac;151032
PE;9589;Lima;Yauyos;Vitis;151033
PE;9589;Loreto;;;160000
PE;9589;Loreto;Maynas;;160100
PE;9589;Loreto;Maynas;Iquitos;160101
PE;9589;Loreto;Maynas;AltoNanay;160102
PE;9589;Loreto;Maynas;FernandoLores;160103
PE;9589;Loreto;Maynas;Indiana;160104
PE;9589;Loreto;Maynas;LasAmazonas;160105
PE;9589;Loreto;Maynas;Mazan;160106
PE;9589;Loreto;Maynas;Napo;160107
PE;9589;Loreto;Maynas;Punchana;160108
PE;9589;Loreto;Maynas;TorresCausana;160110
PE;9589;Loreto;Maynas;Belén;160112
PE;9589;Loreto;Maynas;SanJuanBautista;160113
PE;9589;Loreto;AltoAmazonas;;160200
PE;9589;Loreto;AltoAmazonas;Yurimaguas;160201
PE;9589;Loreto;AltoAmazonas;Balsapuerto;160202
PE;9589;Loreto;AltoAmazonas;Jeberos;160205
PE;9589;Loreto;AltoAmazonas;Lagunas;160206
PE;9589;Loreto;AltoAmazonas;SantaCruz;160210
PE;9589;Loreto;AltoAmazonas;TenienteCesarLópezRojas;160211
PE;9589;Loreto;Loreto;;160300
PE;9589;Loreto;Loreto;Nauta;160301
PE;9589;Loreto;Loreto;Parinari;160302
PE;9589;Loreto;Loreto;Tigre;160303
PE;9589;Loreto;Loreto;Trompeteros;160304
PE;9589;Loreto;Loreto;Urarinas;160305
PE;9589;Loreto;MariscalRamónCastilla;;160400
PE;9589;Loreto;MariscalRamónCastilla;RamónCastilla;160401
PE;9589;Loreto;MariscalRamónCastilla;Pebas;160402
PE;9589;Loreto;MariscalRamónCastilla;Yavari;160403
PE;9589;Loreto;MariscalRamónCastilla;SanPablo;160404
PE;9589;Loreto;Requena;;160500
PE;9589;Loreto;Requena;Requena;160501
PE;9589;Loreto;Requena;AltoTapiche;160502
PE;9589;Loreto;Requena;Capelo;160503
PE;9589;Loreto;Requena;EmilioSanMartín;160504
PE;9589;Loreto;Requena;Maquia;160505
PE;9589;Loreto;Requena;Puinahua;160506
PE;9589;Loreto;Requena;Saquena;160507
PE;9589;Loreto;Requena;Soplin;160508
PE;9589;Loreto;Requena;Tapiche;160509
PE;9589;Loreto;Requena;JenaroHerrera;160510
PE;9589;Loreto;Requena;Yaquerana;160511
PE;9589;Loreto;Ucayali;;160600
PE;9589;Loreto;Ucayali;Contamana;160601
PE;9589;Loreto;Ucayali;Inahuaya;160602
PE;9589;Loreto;Ucayali;PadreMárquez;160603
PE;9589;Loreto;Ucayali;PampaHermosa;160604
PE;9589;Loreto;Ucayali;Sarayacu;160605
PE;9589;Loreto;Ucayali;VargasGuerra;160606
PE;9589;Loreto;DatemdelMarañón;;160700
PE;9589;Loreto;DatemdelMarañón;Barranca;160701
PE;9589;Loreto;DatemdelMarañón;Cahuapanas;160702
PE;9589;Loreto;DatemdelMarañón;Manseriche;160703
PE;9589;Loreto;DatemdelMarañón;Morona;160704
PE;9589;Loreto;DatemdelMarañón;Pastaza;160705
PE;9589;Loreto;DatemdelMarañón;Andoas;160706
PE;9589;Loreto;Putumayo;;160800
PE;9589;Loreto;Putumayo;Putumayo;160801
PE;9589;Loreto;Putumayo;RosaPanduro;160802
PE;9589;Loreto;Putumayo;TenienteManuelClavero;160803
PE;9589;Loreto;Putumayo;Yaguas;160804
PE;9589;MadredeDios;;;170000
PE;9589;MadredeDios;Tambopata;;170100
PE;9589;MadredeDios;Tambopata;Tambopata;170101
PE;9589;MadredeDios;Tambopata;Inambari;170102
PE;9589;MadredeDios;Tambopata;LasPiedras;170103
PE;9589;MadredeDios;Tambopata;Laberinto;170104
PE;9589;MadredeDios;Manu;;170200
PE;9589;MadredeDios;Manu;Manu;170201
PE;9589;MadredeDios;Manu;Fitzcarrald;170202
PE;9589;MadredeDios;Manu;MadredeDios;170203
PE;9589;MadredeDios;Manu;Huepetuhe;170204
PE;9589;MadredeDios;Tahuamanu;;170300
PE;9589;MadredeDios;Tahuamanu;Iñapari;170301
PE;9589;MadredeDios;Tahuamanu;Iberia;170302
PE;9589;MadredeDios;Tahuamanu;Tahuamanu;170303
PE;9589;Moquegua;;;180000
PE;9589;Moquegua;MariscalNieto;;180100
PE;9589;Moquegua;MariscalNieto;Moquegua;180101
PE;9589;Moquegua;MariscalNieto;Carumas;180102
PE;9589;Moquegua;MariscalNieto;Cuchumbaya;180103
PE;9589;Moquegua;MariscalNieto;Samegua;180104
PE;9589;Moquegua;MariscalNieto;SanCristóbal;180105
PE;9589;Moquegua;MariscalNieto;Torata;180106
PE;9589;Moquegua;GeneralSánchezCerro;;180200
PE;9589;Moquegua;GeneralSánchezCerro;Omate;180201
PE;9589;Moquegua;GeneralSánchezCerro;Chojata;180202
PE;9589;Moquegua;GeneralSánchezCerro;Coalaque;180203
PE;9589;Moquegua;GeneralSánchezCerro;Ichuña;180204
PE;9589;Moquegua;GeneralSánchezCerro;LaCapilla;180205
PE;9589;Moquegua;GeneralSánchezCerro;Lloque;180206
PE;9589;Moquegua;GeneralSánchezCerro;Matalaque;180207
PE;9589;Moquegua;GeneralSánchezCerro;Puquina;180208
PE;9589;Moquegua;GeneralSánchezCerro;Quinistaquillas;180209
PE;9589;Moquegua;GeneralSánchezCerro;Ubinas;180210
PE;9589;Moquegua;GeneralSánchezCerro;Yunga;180211
PE;9589;Moquegua;Ilo;;180300
PE;9589;Moquegua;Ilo;Ilo;180301
PE;9589;Moquegua;Ilo;ElAlgarrobal;180302
PE;9589;Moquegua;Ilo;Pacocha;180303
PE;9589;Pasco;;;190000
PE;9589;Pasco;Pasco;;190100
PE;9589;Pasco;Pasco;Chaupimarca;190101
PE;9589;Pasco;Pasco;Huachon;190102
PE;9589;Pasco;Pasco;Huariaca;190103
PE;9589;Pasco;Pasco;Huayllay;190104
PE;9589;Pasco;Pasco;Ninacaca;190105
PE;9589;Pasco;Pasco;Pallanchacra;190106
PE;9589;Pasco;Pasco;Paucartambo;190107
PE;9589;Pasco;Pasco;SanFranciscodeAsísdeYarusyacan;190108
PE;9589;Pasco;Pasco;SimonBolívar;190109
PE;9589;Pasco;Pasco;Ticlacayan;190110
PE;9589;Pasco;Pasco;Tinyahuarco;190111
PE;9589;Pasco;Pasco;Vicco;190112
PE;9589;Pasco;Pasco;Yanacancha;190113
PE;9589;Pasco;DanielAlcidesCarrión;;190200
PE;9589;Pasco;DanielAlcidesCarrión;Yanahuanca;190201
PE;9589;Pasco;DanielAlcidesCarrión;Chacayan;190202
PE;9589;Pasco;DanielAlcidesCarrión;Goyllarisquizga;190203
PE;9589;Pasco;DanielAlcidesCarrión;Paucar;190204
PE;9589;Pasco;DanielAlcidesCarrión;SanPedrodePillao;190205
PE;9589;Pasco;DanielAlcidesCarrión;SantaAnadeTusi;190206
PE;9589;Pasco;DanielAlcidesCarrión;Tapuc;190207
PE;9589;Pasco;DanielAlcidesCarrión;Vilcabamba;190208
PE;9589;Pasco;Oxapampa;;190300
PE;9589;Pasco;Oxapampa;Oxapampa;190301
PE;9589;Pasco;Oxapampa;Chontabamba;190302
PE;9589;Pasco;Oxapampa;Huancabamba;190303
PE;9589;Pasco;Oxapampa;Palcazu;190304
PE;9589;Pasco;Oxapampa;Pozuzo;190305
PE;9589;Pasco;Oxapampa;PuertoBermúdez;190306
PE;9589;Pasco;Oxapampa;VillaRica;190307
PE;9589;Pasco;Oxapampa;Constitución;190308
PE;9589;Piura;;;200000
PE;9589;Piura;Piura;;200100
PE;9589;Piura;Piura;Piura;200101
PE;9589;Piura;Piura;Castilla;200104
PE;9589;Piura;Piura;Atacaos;200105
PE;9589;Piura;Piura;CuraMori;200107
PE;9589;Piura;Piura;ElTallan;200108
PE;9589;Piura;Piura;LaArena;200109
PE;9589;Piura;Piura;LaUnión;200110
PE;9589;Piura;Piura;LasLomas;200111
PE;9589;Piura;Piura;TamboGrande;200114
PE;9589;Piura;Piura;VeintiseisdeOctubre;200115
PE;9589;Piura;Ayabaca;;200200
PE;9589;Piura;Ayabaca;Ayabaca;200201
PE;9589;Piura;Ayabaca;Frias;200202
PE;9589;Piura;Ayabaca;Jilili;200203
PE;9589;Piura;Ayabaca;Lagunas;200204
PE;9589;Piura;Ayabaca;Montero;200205
PE;9589;Piura;Ayabaca;Pacaipampa;200206
PE;9589;Piura;Ayabaca;Paimas;200207
PE;9589;Piura;Ayabaca;Sapillica;200208
PE;9589;Piura;Ayabaca;Sicchez;200209
PE;9589;Piura;Ayabaca;Suyo;200210
PE;9589;Piura;Huancabamba;;200300
PE;9589;Piura;Huancabamba;Huancabamba;200301
PE;9589;Piura;Huancabamba;Canchaque;200302
PE;9589;Piura;Huancabamba;ElCarmendelaFrontera;200303
PE;9589;Piura;Huancabamba;Huarmaca;200304
PE;9589;Piura;Huancabamba;Lalaquiz;200305
PE;9589;Piura;Huancabamba;SanMigueldeElFaique;200306
PE;9589;Piura;Huancabamba;Sondor;200307
PE;9589;Piura;Huancabamba;Sondorillo;200308
PE;9589;Piura;Morropón;;200400
PE;9589;Piura;Morropón;Chulucanas;200401
PE;9589;Piura;Morropón;BuenosAires;200402
PE;9589;Piura;Morropón;Chalaco;200403
PE;9589;Piura;Morropón;LaMatanza;200404
PE;9589;Piura;Morropón;Morropon;200405
PE;9589;Piura;Morropón;Salitral;200406
PE;9589;Piura;Morropón;SanJuandeBigote;200407
PE;9589;Piura;Morropón;SantaCatalinadeMossa;200408
PE;9589;Piura;Morropón;SantoDomingo;200409
PE;9589;Piura;Morropón;Yamango;200410
PE;9589;Piura;Paita;;200500
PE;9589;Piura;Paita;Paita;200501
PE;9589;Piura;Paita;Amotape;200502
PE;9589;Piura;Paita;Arenal;200503
PE;9589;Piura;Paita;Colan;200504
PE;9589;Piura;Paita;LaHuaca;200505
PE;9589;Piura;Paita;Tamarindo;200506
PE;9589;Piura;Paita;Vichayal;200507
PE;9589;Piura;Sullana;;200600
PE;9589;Piura;Sullana;Sullana;200601
PE;9589;Piura;Sullana;Bellavista;200602
PE;9589;Piura;Sullana;IgnacioEscudero;200603
PE;9589;Piura;Sullana;Lancones;200604
PE;9589;Piura;Sullana;Marcavelica;200605
PE;9589;Piura;Sullana;MiguelCheca;200606
PE;9589;Piura;Sullana;Querecotillo;200607
PE;9589;Piura;Sullana;Salitral;200608
PE;9589;Piura;Talara;;200700
PE;9589;Piura;Talara;Pariñas;200701
PE;9589;Piura;Talara;ElAlto;200702
PE;9589;Piura;Talara;LaBrea;200703
PE;9589;Piura;Talara;Lobitos;200704
PE;9589;Piura;Talara;LosOrganos;200705
PE;9589;Piura;Talara;Mancora;200706
PE;9589;Piura;Sechura;;200800
PE;9589;Piura;Sechura;Sechura;200801
PE;9589;Piura;Sechura;BellavistadelaUnión;200802
PE;9589;Piura;Sechura;Bernal;200803
PE;9589;Piura;Sechura;CristoNosValga;200804
PE;9589;Piura;Sechura;Vice;200805
PE;9589;Piura;Sechura;RinconadaLlicuar;200806
PE;9589;Puno;;;210000
PE;9589;Puno;Puno;;210100
PE;9589;Puno;Puno;Puno;210101
PE;9589;Puno;Puno;Acora;210102
PE;9589;Puno;Puno;Amantani;210103
PE;9589;Puno;Puno;Atuncolla;210104
PE;9589;Puno;Puno;Capachica;210105
PE;9589;Puno;Puno;Chucuito;210106
PE;9589;Puno;Puno;Coata;210107
PE;9589;Puno;Puno;Huata;210108
PE;9589;Puno;Puno;Mañazo;210109
PE;9589;Puno;Puno;Paucarcolla;210110
PE;9589;Puno;Puno;Pichacani;210111
PE;9589;Puno;Puno;Plateria;210112
PE;9589;Puno;Puno;SanAntonio;210113
PE;9589;Puno;Puno;Tiquillaca;210114
PE;9589;Puno;Puno;Vilque;210115
PE;9589;Puno;Azángaro;;210200
PE;9589;Puno;Azángaro;Azángaro;210201
PE;9589;Puno;Azángaro;Achaya;210202
PE;9589;Puno;Azángaro;Arapa;210203
PE;9589;Puno;Azángaro;Asillo;210204
PE;9589;Puno;Azángaro;Caminaca;210205
PE;9589;Puno;Azángaro;Chupa;210206
PE;9589;Puno;Azángaro;JoséDomingoChoquehuanca;210207
PE;9589;Puno;Azángaro;Muñani;210208
PE;9589;Puno;Azángaro;Potoni;210209
PE;9589;Puno;Azángaro;Saman;210210
PE;9589;Puno;Azángaro;SanAnton;210211
PE;9589;Puno;Azángaro;SanJosé;210212
PE;9589;Puno;Azángaro;SanJuandeSalinas;210213
PE;9589;Puno;Azángaro;SantiagodePupuja;210214
PE;9589;Puno;Azángaro;Tirapata;210215
PE;9589;Puno;Carabaya;;210300
PE;9589;Puno;Carabaya;Macusani;210301
PE;9589;Puno;Carabaya;Ajoyani;210302
PE;9589;Puno;Carabaya;Ayapata;210303
PE;9589;Puno;Carabaya;Coasa;210304
PE;9589;Puno;Carabaya;Corani;210305
PE;9589;Puno;Carabaya;Crucero;210306
PE;9589;Puno;Carabaya;Ituata;210307
PE;9589;Puno;Carabaya;Ollachea;210308
PE;9589;Puno;Carabaya;SanGaban;210309
PE;9589;Puno;Carabaya;Usicayos;210310
PE;9589;Puno;Chucuito;;210400
PE;9589;Puno;Chucuito;Juli;210401
PE;9589;Puno;Chucuito;Desaguadero;210402
PE;9589;Puno;Chucuito;Huacullani;210403
PE;9589;Puno;Chucuito;Kelluyo;210404
PE;9589;Puno;Chucuito;Pisacoma;210405
PE;9589;Puno;Chucuito;Pomata;210406
PE;9589;Puno;Chucuito;Zepita;210407
PE;9589;Puno;ElCollao;;210500
PE;9589;Puno;ElCollao;Ilave;210501
PE;9589;Puno;ElCollao;Capazo;210502
PE;9589;Puno;ElCollao;Pilcuyo;210503
PE;9589;Puno;ElCollao;SantaRosa;210504
PE;9589;Puno;ElCollao;Conduriri;210505
PE;9589;Puno;Huancané;;210600
PE;9589;Puno;Huancané;Huancane;210601
PE;9589;Puno;Huancané;Cojata;210602
PE;9589;Puno;Huancané;Huatasani;210603
PE;9589;Puno;Huancané;Inchupalla;210604
PE;9589;Puno;Huancané;Pusi;210605
PE;9589;Puno;Huancané;Rosaspata;210606
PE;9589;Puno;Huancané;Taraco;210607
PE;9589;Puno;Huancané;VilqueChico;210608
PE;9589;Puno;Lampa;;210700
PE;9589;Puno;Lampa;Lampa;210701
PE;9589;Puno;Lampa;Cabanilla;210702
PE;9589;Puno;Lampa;Calapuja;210703
PE;9589;Puno;Lampa;Nicasio;210704
PE;9589;Puno;Lampa;Ocuviri;210705
PE;9589;Puno;Lampa;Palca;210706
PE;9589;Puno;Lampa;Paratia;210707
PE;9589;Puno;Lampa;Pucara;210708
PE;9589;Puno;Lampa;SantaLucia;210709
PE;9589;Puno;Lampa;Vilavila;210710
PE;9589;Puno;Melgar;;210800
PE;9589;Puno;Melgar;Ayaviri;210801
PE;9589;Puno;Melgar;Antauta;210802
PE;9589;Puno;Melgar;Cupi;210803
PE;9589;Puno;Melgar;Llalli;210804
PE;9589;Puno;Melgar;Macari;210805
PE;9589;Puno;Melgar;Nuñoa;210806
PE;9589;Puno;Melgar;Orurillo;210807
PE;9589;Puno;Melgar;SantaRosa;210808
PE;9589;Puno;Melgar;Umachiri;210809
PE;9589;Puno;Moho;;210900
PE;9589;Puno;Moho;Moho;210901
PE;9589;Puno;Moho;Conima;210902
PE;9589;Puno;Moho;Huayrapata;210903
PE;9589;Puno;Moho;Tilali;210904
PE;9589;Puno;SanAntoniodePutina;;211000
PE;9589;Puno;SanAntoniodePutina;Putina;211001
PE;9589;Puno;SanAntoniodePutina;Ananea;211002
PE;9589;Puno;SanAntoniodePutina;PedroVilcaApaza;211003
PE;9589;Puno;SanAntoniodePutina;Quilcapuncu;211004
PE;9589;Puno;SanAntoniodePutina;Sina;211005
PE;9589;Puno;SanRomán;;211100
PE;9589;Puno;SanRomán;Juliaca;211101
PE;9589;Puno;SanRomán;Cabana;211102
PE;9589;Puno;SanRomán;Cabanillas;211103
PE;9589;Puno;SanRomán;Caracoto;211104
PE;9589;Puno;Sandia;;211200
PE;9589;Puno;Sandia;Sandia;211201
PE;9589;Puno;Sandia;Cuyocuyo;211202
PE;9589;Puno;Sandia;Limbani;211203
PE;9589;Puno;Sandia;Patambuco;211204
PE;9589;Puno;Sandia;Phara;211205
PE;9589;Puno;Sandia;Quiaca;211206
PE;9589;Puno;Sandia;SanJuandelOro;211207
PE;9589;Puno;Sandia;Yanahuaya;211208
PE;9589;Puno;Sandia;AltoInambari;211209
PE;9589;Puno;Sandia;SanPedrodePutinaPunco;211210
PE;9589;Puno;Yunguyo;;211300
PE;9589;Puno;Yunguyo;Yunguyo;211301
PE;9589;Puno;Yunguyo;Anapia;211302
PE;9589;Puno;Yunguyo;Copani;211303
PE;9589;Puno;Yunguyo;Cuturapi;211304
PE;9589;Puno;Yunguyo;Ollaraya;211305
PE;9589;Puno;Yunguyo;Tinicachi;211306
PE;9589;Puno;Yunguyo;Unicachi;211307
PE;9589;SanMartín;;;220000
PE;9589;SanMartín;Moyobamba;;220100
PE;9589;SanMartín;Moyobamba;Moyobamba;220101
PE;9589;SanMartín;Moyobamba;Calzada;220102
PE;9589;SanMartín;Moyobamba;Habana;220103
PE;9589;SanMartín;Moyobamba;Jepelacio;220104
PE;9589;SanMartín;Moyobamba;Soritor;220105
PE;9589;SanMartín;Moyobamba;Yantalo;220106
PE;9589;SanMartín;Bellavista;;220200
PE;9589;SanMartín;Bellavista;Bellavista;220201
PE;9589;SanMartín;Bellavista;AltoBiavo;220202
PE;9589;SanMartín;Bellavista;BajoBiavo;220203
PE;9589;SanMartín;Bellavista;Huallaga;220204
PE;9589;SanMartín;Bellavista;SanPablo;220205
PE;9589;SanMartín;Bellavista;SanRafael;220206
PE;9589;SanMartín;ElDorado;;220300
PE;9589;SanMartín;ElDorado;SanJosédeSisa;220301
PE;9589;SanMartín;ElDorado;AguaBlanca;220302
PE;9589;SanMartín;ElDorado;SanMartín;220303
PE;9589;SanMartín;ElDorado;SantaRosa;220304
PE;9589;SanMartín;ElDorado;Shatoja;220305
PE;9589;SanMartín;Huallaga;;220400
PE;9589;SanMartín;Huallaga;Saposoa;220401
PE;9589;SanMartín;Huallaga;AltoSaposoa;220402
PE;9589;SanMartín;Huallaga;ElEslabón;220403
PE;9589;SanMartín;Huallaga;Piscoyacu;220404
PE;9589;SanMartín;Huallaga;Sacanche;220405
PE;9589;SanMartín;Huallaga;TingodeSaposoa;220406
PE;9589;SanMartín;Lamas;;220500
PE;9589;SanMartín;Lamas;Lamas;220501
PE;9589;SanMartín;Lamas;AlonsodeAlvarado;220502
PE;9589;SanMartín;Lamas;Barranquita;220503
PE;9589;SanMartín;Lamas;Caynarachi;220504
PE;9589;SanMartín;Lamas;Cuñumbuqui;220505
PE;9589;SanMartín;Lamas;PintoRecodo;220506
PE;9589;SanMartín;Lamas;Rumisapa;220507
PE;9589;SanMartín;Lamas;SanRoquedeCumbaza;220508
PE;9589;SanMartín;Lamas;Shanao;220509
PE;9589;SanMartín;Lamas;Tabalosos;220510
PE;9589;SanMartín;Lamas;Zapatero;220511
PE;9589;SanMartín;MariscalCáceres;;220600
PE;9589;SanMartín;MariscalCáceres;Juanjuí;220601
PE;9589;SanMartín;MariscalCáceres;Campanilla;220602
PE;9589;SanMartín;MariscalCáceres;Huicungo;220603
PE;9589;SanMartín;MariscalCáceres;Pachiza;220604
PE;9589;SanMartín;MariscalCáceres;Pajarillo;220605
PE;9589;SanMartín;Picota;;220700
PE;9589;SanMartín;Picota;Picota;220701
PE;9589;SanMartín;Picota;BuenosAires;220702
PE;9589;SanMartín;Picota;Caspisapa;220703
PE;9589;SanMartín;Picota;Pilluana;220704
PE;9589;SanMartín;Picota;Pucacaca;220705
PE;9589;SanMartín;Picota;SanCristóbal;220706
PE;9589;SanMartín;Picota;SanHilarión;220707
PE;9589;SanMartín;Picota;Shamboyacu;220708
PE;9589;SanMartín;Picota;TingodePonasa;220709
PE;9589;SanMartín;Picota;TresUnidos;220710
PE;9589;SanMartín;Rioja;;220800
PE;9589;SanMartín;Rioja;Rioja;220801
PE;9589;SanMartín;Rioja;Awajun;220802
PE;9589;SanMartín;Rioja;ElíasSoplinVargas;220803
PE;9589;SanMartín;Rioja;NuevaCajamarca;220804
PE;9589;SanMartín;Rioja;PardoMiguel;220805
PE;9589;SanMartín;Rioja;Posic;220806
PE;9589;SanMartín;Rioja;SanFernando;220807
PE;9589;SanMartín;Rioja;Yorongos;220808
PE;9589;SanMartín;Rioja;Yuracyacu;220809
PE;9589;SanMartín;SanMartín;;220900
PE;9589;SanMartín;SanMartín;Tarapoto;220901
PE;9589;SanMartín;SanMartín;AlbertoLeveau;220902
PE;9589;SanMartín;SanMartín;Cacatachi;220903
PE;9589;SanMartín;SanMartín;Chazuta;220904
PE;9589;SanMartín;SanMartín;Chipurana;220905
PE;9589;SanMartín;SanMartín;ElPorvenir;220906
PE;9589;SanMartín;SanMartín;Huimbayoc;220907
PE;9589;SanMartín;SanMartín;JuanGuerra;220908
PE;9589;SanMartín;SanMartín;LaBandadeShilcayo;220909
PE;9589;SanMartín;SanMartín;Morales;220910
PE;9589;SanMartín;SanMartín;Papaplaya;220911
PE;9589;SanMartín;SanMartín;SanAntonio;220912
PE;9589;SanMartín;SanMartín;Sauce;220913
PE;9589;SanMartín;SanMartín;Shapaja;220914
PE;9589;SanMartín;Tocache;;221000
PE;9589;SanMartín;Tocache;Tocache;221001
PE;9589;SanMartín;Tocache;NuevoProgreso;221002
PE;9589;SanMartín;Tocache;Polvora;221003
PE;9589;SanMartín;Tocache;Shunte;221004
PE;9589;SanMartín;Tocache;Uchiza;221005
PE;9589;Tacna;;;230000
PE;9589;Tacna;Tacna;;230100
PE;9589;Tacna;Tacna;Tacna;230101
PE;9589;Tacna;Tacna;AltodelaAlianza;230102
PE;9589;Tacna;Tacna;Calana;230103
PE;9589;Tacna;Tacna;CiudadNueva;230104
PE;9589;Tacna;Tacna;Inclan;230105
PE;9589;Tacna;Tacna;Pachia;230106
PE;9589;Tacna;Tacna;Palca;230107
PE;9589;Tacna;Tacna;Pocollay;230108
PE;9589;Tacna;Tacna;Sama;230109
PE;9589;Tacna;Tacna;CoronelGregorioAlbarracínLanchipa;230110
PE;9589;Tacna;Candarave;;230200
PE;9589;Tacna;Candarave;Candarave;230201
PE;9589;Tacna;Candarave;Cairani;230202
PE;9589;Tacna;Candarave;Camilaca;230203
PE;9589;Tacna;Candarave;Curibaya;230204
PE;9589;Tacna;Candarave;Huanuara;230205
PE;9589;Tacna;Candarave;Quilahuani;230206
PE;9589;Tacna;JorgeBasadre;;230300
PE;9589;Tacna;JorgeBasadre;Locumba;230301
PE;9589;Tacna;JorgeBasadre;Ilabaya;230302
PE;9589;Tacna;JorgeBasadre;Ite;230303
PE;9589;Tacna;Tarata;;230400
PE;9589;Tacna;Tarata;Tarata;230401
PE;9589;Tacna;Tarata;HéroesAlbarracín;230402
PE;9589;Tacna;Tarata;Estique;230403
PE;9589;Tacna;Tarata;Estique-Pampa;230404
PE;9589;Tacna;Tarata;Sitajara;230405
PE;9589;Tacna;Tarata;Susapaya;230406
PE;9589;Tacna;Tarata;Tarucachi;230407
PE;9589;Tacna;Tarata;Ticaco;230408
PE;9589;Tumbes;;;240000
PE;9589;Tumbes;Tumbes;;240100
PE;9589;Tumbes;Tumbes;Tumbes;240101
PE;9589;Tumbes;Tumbes;Corrales;240102
PE;9589;Tumbes;Tumbes;LaCruz;240103
PE;9589;Tumbes;Tumbes;PampasdeHospital;240104
PE;9589;Tumbes;Tumbes;SanJacinto;240105
PE;9589;Tumbes;Tumbes;SanJuandelaVirgen;240106
PE;9589;Tumbes;ContralmiranteVillar;;240200
PE;9589;Tumbes;ContralmiranteVillar;Zorritos;240201
PE;9589;Tumbes;ContralmiranteVillar;Casitas;240202
PE;9589;Tumbes;ContralmiranteVillar;CanoasdePuntaSal;240203
PE;9589;Tumbes;Zarumilla;;240300
PE;9589;Tumbes;Zarumilla;Zarumilla;240301
PE;9589;Tumbes;Zarumilla;AguasVerdes;240302
PE;9589;Tumbes;Zarumilla;Matapalo;240303
PE;9589;Tumbes;Zarumilla;Papayal;240304
PE;9589;Ucayali;;;250000
PE;9589;Ucayali;CoronelPortillo;;250100
PE;9589;Ucayali;CoronelPortillo;Calleria;250101
PE;9589;Ucayali;CoronelPortillo;Campoverde;250102
PE;9589;Ucayali;CoronelPortillo;Iparia;250103
PE;9589;Ucayali;CoronelPortillo;Masisea;250104
PE;9589;Ucayali;CoronelPortillo;Yarinacocha;250105
PE;9589;Ucayali;CoronelPortillo;NuevaRequena;250106
PE;9589;Ucayali;CoronelPortillo;Manantay;250107
PE;9589;Ucayali;Atalaya;;250200
PE;9589;Ucayali;Atalaya;Raymondi;250201
PE;9589;Ucayali;Atalaya;Sepahua;250202
PE;9589;Ucayali;Atalaya;Tahuania;250203
PE;9589;Ucayali;Atalaya;Yurua;250204
PE;9589;Ucayali;PadreAbad;;250300
PE;9589;Ucayali;PadreAbad;PadreAbad;250301
PE;9589;Ucayali;PadreAbad;Irazola;250302
PE;9589;Ucayali;PadreAbad;Curimana;250303
PE;9589;Ucayali;PadreAbad;Neshuya;250304
PE;9589;Ucayali;PadreAbad;AlexanderVonHumboldt;250305
PE;9589;Ucayali;Purús;;250400
PE;9589;Ucayali;Purús;Purus;250401
